-- phpMyAdmin SQL Dump
-- version 4.8.3
-- https://www.phpmyadmin.net/
--
-- Host: 127.0.0.1:3306
-- Generation Time: Feb 06, 2019 at 04:08 PM
-- Server version: 5.7.23
-- PHP Version: 7.2.10

SET SQL_MODE = "NO_AUTO_VALUE_ON_ZERO";
SET AUTOCOMMIT = 0;
START TRANSACTION;
SET time_zone = "+00:00";


/*!40101 SET @OLD_CHARACTER_SET_CLIENT=@@CHARACTER_SET_CLIENT */;
/*!40101 SET @OLD_CHARACTER_SET_RESULTS=@@CHARACTER_SET_RESULTS */;
/*!40101 SET @OLD_COLLATION_CONNECTION=@@COLLATION_CONNECTION */;
/*!40101 SET NAMES utf8mb4 */;

--
-- Database: `eapi`
--

-- --------------------------------------------------------

--
-- Table structure for table `migrations`
--

DROP TABLE IF EXISTS `migrations`;
CREATE TABLE IF NOT EXISTS `migrations` (
  `id` int(10) UNSIGNED NOT NULL AUTO_INCREMENT,
  `migration` varchar(191) COLLATE utf8mb4_unicode_ci NOT NULL,
  `batch` int(11) NOT NULL,
  PRIMARY KEY (`id`)
) ENGINE=MyISAM AUTO_INCREMENT=5 DEFAULT CHARSET=utf8mb4 COLLATE=utf8mb4_unicode_ci;

--
-- Dumping data for table `migrations`
--

INSERT INTO `migrations` (`id`, `migration`, `batch`) VALUES
(1, '2014_10_12_000000_create_users_table', 1),
(2, '2014_10_12_100000_create_password_resets_table', 1),
(3, '2019_02_05_115655_create_products_table', 1),
(4, '2019_02_05_115845_create_reviews_table', 1);

-- --------------------------------------------------------

--
-- Table structure for table `password_resets`
--

DROP TABLE IF EXISTS `password_resets`;
CREATE TABLE IF NOT EXISTS `password_resets` (
  `email` varchar(191) COLLATE utf8mb4_unicode_ci NOT NULL,
  `token` varchar(191) COLLATE utf8mb4_unicode_ci NOT NULL,
  `created_at` timestamp NULL DEFAULT NULL,
  KEY `password_resets_email_index` (`email`)
) ENGINE=MyISAM DEFAULT CHARSET=utf8mb4 COLLATE=utf8mb4_unicode_ci;

-- --------------------------------------------------------

--
-- Table structure for table `products`
--

DROP TABLE IF EXISTS `products`;
CREATE TABLE IF NOT EXISTS `products` (
  `id` int(10) UNSIGNED NOT NULL AUTO_INCREMENT,
  `name` varchar(191) COLLATE utf8mb4_unicode_ci NOT NULL,
  `detail` text COLLATE utf8mb4_unicode_ci NOT NULL,
  `price` int(11) NOT NULL,
  `stock` int(11) NOT NULL,
  `discount` int(11) NOT NULL,
  `created_at` timestamp NULL DEFAULT NULL,
  `updated_at` timestamp NULL DEFAULT NULL,
  PRIMARY KEY (`id`)
) ENGINE=MyISAM AUTO_INCREMENT=101 DEFAULT CHARSET=utf8mb4 COLLATE=utf8mb4_unicode_ci;

--
-- Dumping data for table `products`
--

INSERT INTO `products` (`id`, `name`, `detail`, `price`, `stock`, `discount`, `created_at`, `updated_at`) VALUES
(1, 'consequuntur', 'Unde quaerat qui blanditiis quia alias dolores. Perspiciatis quae voluptates aut soluta temporibus. Vitae quo assumenda et sunt sed tempore commodi. Quia accusamus quisquam odio.', 596, 4, 13, '2019-02-06 14:01:55', '2019-02-06 14:01:55'),
(2, 'repudiandae', 'Impedit doloribus itaque architecto vel non. Facilis ullam eos illo nisi. Aut sunt optio neque. Animi quis laborum blanditiis iusto aut qui itaque.', 454, 8, 28, '2019-02-06 14:01:55', '2019-02-06 14:01:55'),
(3, 'recusandae', 'Non cum repudiandae doloribus consequatur recusandae non. Pariatur sequi ipsam eveniet deserunt odit et. Qui ipsam non cumque et sint.', 825, 6, 2, '2019-02-06 14:01:55', '2019-02-06 14:01:55'),
(4, 'unde', 'Perferendis libero aut molestias praesentium. Fugiat consequatur officiis dicta. Cupiditate voluptas in et dignissimos ipsa. Blanditiis temporibus ab ipsa quam.', 152, 6, 16, '2019-02-06 14:01:55', '2019-02-06 14:01:55'),
(5, 'fuga', 'Iusto autem earum dolore. Aut ratione veritatis et et ut ducimus rerum. Odio facere quia sed voluptatem. Repellendus quis blanditiis occaecati ut excepturi voluptatum.', 319, 4, 3, '2019-02-06 14:01:55', '2019-02-06 14:01:55'),
(6, 'ut', 'Eos numquam rerum deleniti dolorem ad aut. Ea aliquid quia illo. Nobis magni vitae quibusdam.', 599, 0, 2, '2019-02-06 14:01:55', '2019-02-06 14:01:55'),
(7, 'enim', 'Sit et quod distinctio similique mollitia voluptas. Quia deleniti beatae assumenda distinctio voluptatem nisi est sed. Quod recusandae omnis nam quis autem non ipsam dolor.', 478, 1, 20, '2019-02-06 14:01:55', '2019-02-06 14:01:55'),
(8, 'excepturi', 'Deleniti vel quisquam tempore hic hic natus omnis. Est corporis voluptas dolores modi distinctio. Eius eos omnis soluta nihil amet sunt.', 350, 3, 16, '2019-02-06 14:01:55', '2019-02-06 14:01:55'),
(9, 'commodi', 'Quo est provident tenetur et cum molestias. Quibusdam architecto inventore ut expedita non cum. Inventore voluptas vitae architecto perspiciatis voluptas ullam.', 325, 5, 12, '2019-02-06 14:01:55', '2019-02-06 14:01:55'),
(10, 'explicabo', 'Sunt deleniti deleniti placeat. Pariatur nobis velit qui nihil perferendis nulla. Mollitia nisi vel vel error quasi. Nemo voluptas illo dolor fugit.', 658, 4, 12, '2019-02-06 14:01:55', '2019-02-06 14:01:55'),
(11, 'praesentium', 'Qui voluptas ipsum officiis quidem molestiae. A vitae non ullam molestiae. Ullam ut perferendis adipisci voluptatum dolorem molestiae.', 505, 0, 2, '2019-02-06 14:01:55', '2019-02-06 14:01:55'),
(12, 'perspiciatis', 'Natus qui ea sunt voluptatem quam. Ratione dignissimos quia quia. Similique rerum quas perferendis aut. Quis modi quidem illo.', 953, 4, 2, '2019-02-06 14:01:55', '2019-02-06 14:01:55'),
(13, 'enim', 'Voluptate alias provident ut quam tenetur et repellendus fugiat. Accusantium et tempora expedita eligendi est placeat. Expedita non rerum et voluptas est illo.', 613, 2, 8, '2019-02-06 14:01:55', '2019-02-06 14:01:55'),
(14, 'quisquam', 'Perspiciatis id voluptatum nam reprehenderit rem aliquid voluptatum placeat. Voluptatum dolor voluptatibus aliquam qui reprehenderit incidunt. Ex dolorem et deserunt reiciendis est dolor commodi est.', 309, 2, 26, '2019-02-06 14:01:55', '2019-02-06 14:01:55'),
(15, 'sit', 'Recusandae est eos et earum cum. Aut omnis aliquid sint.', 348, 4, 23, '2019-02-06 14:01:55', '2019-02-06 14:01:55'),
(16, 'iste', 'Omnis qui vel dolor impedit dolor laboriosam. Vel neque rerum quia sit ut. Qui iure tempore iusto libero provident.', 871, 9, 15, '2019-02-06 14:01:55', '2019-02-06 14:01:55'),
(17, 'id', 'Qui voluptatem quas corrupti ratione ratione sapiente. Odio recusandae et rerum commodi sunt quae. Iste consequatur qui dignissimos soluta est. Sequi optio ea est quos iste non atque recusandae.', 197, 9, 3, '2019-02-06 14:01:55', '2019-02-06 14:01:55'),
(18, 'sed', 'Doloribus magnam itaque voluptatem molestiae illum. Natus quod est autem est. Iure eos voluptas reprehenderit ut eos delectus.', 265, 7, 30, '2019-02-06 14:01:55', '2019-02-06 14:01:55'),
(19, 'molestiae', 'Impedit in aut deserunt dolorum illo necessitatibus ut. Doloremque dolorem saepe totam assumenda corporis. Minima esse sit sint doloremque. Doloribus velit fuga modi harum voluptatibus repellat quis. Nulla nobis ducimus aut eos.', 158, 5, 6, '2019-02-06 14:01:55', '2019-02-06 14:01:55'),
(20, 'perferendis', 'Temporibus est in beatae consequuntur. Maxime quia recusandae dolores molestias numquam dolores.', 575, 0, 7, '2019-02-06 14:01:55', '2019-02-06 14:01:55'),
(21, 'officiis', 'Voluptates quibusdam ducimus qui explicabo. Maiores ipsum et aut optio. Ab aliquid voluptatem qui eos non. Distinctio quis quo non quia officia.', 673, 0, 28, '2019-02-06 14:01:55', '2019-02-06 14:01:55'),
(22, 'quia', 'Tempore dolorum nesciunt perferendis eum totam sunt repellat. Velit doloribus id saepe. Alias saepe dolorem est et ut voluptatibus.', 939, 4, 15, '2019-02-06 14:01:55', '2019-02-06 14:01:55'),
(23, 'tempora', 'Quos eaque pariatur eveniet aliquam voluptatem ipsa. Est facere reiciendis fugit itaque reprehenderit.', 187, 6, 3, '2019-02-06 14:01:55', '2019-02-06 14:01:55'),
(24, 'facere', 'Aliquid id exercitationem autem. Dolores minus doloribus ut sed alias aut. Quis dolore optio totam sint earum est. Consequatur dolorem sunt ab maxime.', 859, 2, 29, '2019-02-06 14:01:55', '2019-02-06 14:01:55'),
(25, 'deserunt', 'Placeat in repellat culpa reprehenderit et. Delectus reprehenderit deleniti atque assumenda et amet. Non sit voluptas consequatur repellendus eos et dignissimos. Accusantium expedita rerum laborum alias.', 437, 5, 11, '2019-02-06 14:01:55', '2019-02-06 14:01:55'),
(26, 'aut', 'Dolores et magni porro odit qui. Voluptas sit sit porro ut recusandae doloribus. Dolorem vitae nulla in voluptas sed sed.', 701, 7, 18, '2019-02-06 14:01:55', '2019-02-06 14:01:55'),
(27, 'error', 'Cumque atque corrupti corporis voluptates. Consectetur illum fugiat porro voluptatem exercitationem. Ad in consequatur ratione beatae.', 556, 3, 29, '2019-02-06 14:01:55', '2019-02-06 14:01:55'),
(28, 'vel', 'Debitis voluptatem velit laboriosam ipsam delectus nostrum vel. Officia voluptate incidunt voluptas sed nulla. Doloremque quas qui qui molestiae dolores nisi eius. Alias magnam iusto maiores quod.', 834, 2, 3, '2019-02-06 14:01:55', '2019-02-06 14:01:55'),
(29, 'odio', 'Qui dolores accusantium deserunt ut. Et provident itaque quaerat in ut. Id quo placeat quia et odio natus exercitationem aperiam.', 567, 8, 5, '2019-02-06 14:01:55', '2019-02-06 14:01:55'),
(30, 'perspiciatis', 'Reiciendis sint et veniam deserunt explicabo. Reiciendis dolorem voluptatum dignissimos ad. Ut necessitatibus velit praesentium eos saepe tempore aut. Modi quisquam nulla voluptatem quas numquam illo expedita.', 629, 5, 5, '2019-02-06 14:01:55', '2019-02-06 14:01:55'),
(31, 'eos', 'Mollitia asperiores adipisci non. Rerum itaque quia mollitia aperiam et distinctio dolorem. Minus aut id iste debitis dicta. Voluptate maxime similique amet et qui sunt.', 131, 8, 22, '2019-02-06 14:01:55', '2019-02-06 14:01:55'),
(32, 'expedita', 'Et dolore sint quis reiciendis nobis incidunt cupiditate veritatis. Id laborum rerum possimus. Doloremque non vel est id ratione vel. Harum et quas est in beatae eaque.', 679, 0, 15, '2019-02-06 14:01:55', '2019-02-06 14:01:55'),
(33, 'dolores', 'Iure eaque laudantium odio laborum ut natus voluptas. Perferendis ipsum labore ducimus amet. Facere voluptatem laborum animi est et. Minima est suscipit quae quis libero corporis ea. Dolorum maxime enim explicabo voluptatem sint.', 216, 6, 14, '2019-02-06 14:01:55', '2019-02-06 14:01:55'),
(34, 'fugiat', 'Dolorem sed a accusantium ducimus voluptas sunt. Sint tempore quam consequatur et voluptas enim. Nemo expedita itaque rerum pariatur et. Laudantium non sit non quae ut reprehenderit.', 777, 8, 7, '2019-02-06 14:01:55', '2019-02-06 14:01:55'),
(35, 'amet', 'Optio quibusdam vel libero sit. Temporibus qui dolorem amet soluta quae qui non. Sint a possimus numquam praesentium fuga et eum. Eum consectetur sit commodi fuga ducimus iste aut.', 827, 8, 17, '2019-02-06 14:01:55', '2019-02-06 14:01:55'),
(36, 'voluptas', 'Voluptate optio reprehenderit voluptatum voluptatum possimus quidem. Voluptatem est fugit omnis id. Fugiat modi alias amet velit cumque earum ea et. Qui et et illo enim temporibus et quaerat.', 540, 0, 6, '2019-02-06 14:01:55', '2019-02-06 14:01:55'),
(37, 'a', 'Perferendis nisi magni voluptas consequatur consequuntur. Repellendus qui nihil ducimus voluptatum nam sed nobis ut. Eum autem inventore repellat eum sed.', 534, 0, 8, '2019-02-06 14:01:55', '2019-02-06 14:01:55'),
(38, 'ut', 'Modi aperiam vitae libero vero consequuntur quasi in. Nulla nihil rerum ea explicabo non ut quis. Voluptatum aut sit mollitia dolores debitis. Tempore voluptatum earum et in perferendis nam voluptate.', 992, 8, 15, '2019-02-06 14:01:55', '2019-02-06 14:01:55'),
(39, 'ut', 'Laborum qui non sunt architecto totam. Quia aut maiores unde aut nihil nam. Similique consequatur sit sapiente magnam maiores nulla. Nihil dolor assumenda sit.', 958, 5, 12, '2019-02-06 14:01:55', '2019-02-06 14:01:55'),
(40, 'mollitia', 'Pariatur sequi velit ut voluptatem. Minus ducimus ut et quia et similique ducimus. Est adipisci dicta qui debitis. Dolores dolorem totam nesciunt excepturi. Sapiente nostrum sint consequuntur est autem ratione minima debitis.', 226, 0, 18, '2019-02-06 14:01:55', '2019-02-06 14:01:55'),
(41, 'blanditiis', 'Dolorum cupiditate ut amet ab maxime. Eius est temporibus sunt vitae voluptas qui. Exercitationem illum rerum assumenda magni et libero sed. Non nemo doloremque omnis.', 250, 4, 15, '2019-02-06 14:01:55', '2019-02-06 14:01:55'),
(42, 'et', 'Dolorum veniam ipsa qui nesciunt voluptates vero. Sed quidem eos beatae non hic accusantium incidunt neque. Sit quia sapiente laborum sapiente.', 372, 4, 21, '2019-02-06 14:01:55', '2019-02-06 14:01:55'),
(43, 'velit', 'Sequi veritatis aliquid voluptates neque nam fugit. Sed voluptas quaerat quos aut ipsam. Voluptatibus et nesciunt fugiat ipsum. In voluptatem magnam quam modi vero delectus nam.', 677, 2, 26, '2019-02-06 14:01:55', '2019-02-06 14:01:55'),
(44, 'facilis', 'Enim provident qui consequuntur eius amet animi. Ipsa modi adipisci aut excepturi repellendus et vitae. Placeat et non cum recusandae consequatur molestiae. Veritatis sint quod tenetur minus ad distinctio.', 637, 7, 17, '2019-02-06 14:01:55', '2019-02-06 14:01:55'),
(45, 'odit', 'Eaque at id mollitia. Alias illum ex quod et ut.', 913, 0, 21, '2019-02-06 14:01:55', '2019-02-06 14:01:55'),
(46, 'repellendus', 'Vel cupiditate molestias aliquam. Qui blanditiis ut nemo ut recusandae animi suscipit. Quia nisi omnis ipsum hic voluptas rerum.', 515, 4, 23, '2019-02-06 14:01:55', '2019-02-06 14:01:55'),
(47, 'necessitatibus', 'Expedita quos ipsum et provident autem nesciunt praesentium aperiam. Illum consequatur et libero cupiditate impedit ipsa. Debitis eaque officiis rerum voluptatem. Modi est tempora aperiam non fugit eum mollitia suscipit.', 672, 0, 6, '2019-02-06 14:01:55', '2019-02-06 14:01:55'),
(48, 'facere', 'Aspernatur nobis omnis voluptas quia inventore corporis. Aliquid quia nobis dolore beatae natus esse distinctio. Repellat maxime quas ut voluptas sunt recusandae.', 478, 4, 19, '2019-02-06 14:01:55', '2019-02-06 14:01:55'),
(49, 'deleniti', 'Iusto at corporis harum adipisci voluptas quos. Enim maxime est consequatur omnis architecto ab id. Non fuga consequatur dolore quibusdam. Incidunt ducimus blanditiis repudiandae autem.', 163, 5, 19, '2019-02-06 14:01:55', '2019-02-06 14:01:55'),
(50, 'et', 'Sit voluptatem est dolor consequatur doloremque tenetur. Beatae reiciendis placeat mollitia omnis.', 295, 6, 28, '2019-02-06 14:01:55', '2019-02-06 14:01:55'),
(51, 'officia', 'Aut voluptas ullam earum beatae culpa officiis. Natus non quod illo. Delectus quasi provident ut repudiandae illum et perspiciatis. Ipsa et unde dicta eaque.', 379, 4, 8, '2019-02-06 14:06:45', '2019-02-06 14:06:45'),
(52, 'quo', 'Mollitia qui nemo nihil quia. Ut molestias ratione voluptates non occaecati. Modi voluptas dicta eius quia molestiae commodi molestiae.', 163, 6, 11, '2019-02-06 14:06:45', '2019-02-06 14:06:45'),
(53, 'quibusdam', 'Maxime maiores dolore quaerat nulla et. Fuga quidem quia harum voluptatem quaerat iste. Aperiam fuga exercitationem in explicabo quam.', 706, 1, 27, '2019-02-06 14:06:45', '2019-02-06 14:06:45'),
(54, 'corporis', 'Delectus optio quae voluptas et voluptatem. Vel accusantium voluptas cupiditate voluptate. Et et explicabo necessitatibus doloribus voluptatem in consequuntur. Laborum fuga corrupti rerum aut dicta.', 715, 5, 2, '2019-02-06 14:06:45', '2019-02-06 14:06:45'),
(55, 'accusantium', 'Quia qui quidem quas voluptatibus vitae vitae et. Aperiam necessitatibus nesciunt iste aperiam exercitationem illum natus. Quo dolor quo ab velit qui culpa a. Nam ipsum veniam et voluptatibus autem.', 910, 4, 7, '2019-02-06 14:06:45', '2019-02-06 14:06:45'),
(56, 'eveniet', 'Voluptatibus veritatis odit provident impedit quibusdam qui ipsum. Minus et itaque molestiae. Expedita voluptatibus perspiciatis nisi consequatur consequatur eius. Suscipit recusandae quos nam magnam voluptatem inventore inventore recusandae.', 322, 3, 30, '2019-02-06 14:06:45', '2019-02-06 14:06:45'),
(57, 'ullam', 'Et fugit consequatur enim temporibus. Id et reprehenderit quibusdam aut facere hic tempora. Repellat laboriosam tempore beatae et.', 401, 0, 5, '2019-02-06 14:06:45', '2019-02-06 14:06:45'),
(58, 'soluta', 'Iste doloribus voluptatum omnis ea voluptate facere. Necessitatibus aut recusandae voluptatem inventore quia. Autem aspernatur deleniti illum eos perferendis. Possimus ut molestiae beatae veritatis.', 690, 9, 13, '2019-02-06 14:06:45', '2019-02-06 14:06:45'),
(59, 'voluptatem', 'Odit veniam nihil voluptas voluptatum sed nobis. Sapiente alias voluptatum atque. Ea voluptatem voluptas ut corrupti modi rem exercitationem. Laudantium quae quas sapiente doloribus.', 265, 5, 16, '2019-02-06 14:06:45', '2019-02-06 14:06:45'),
(60, 'quibusdam', 'Voluptatem vel dignissimos qui ad hic officia fugiat. Esse temporibus sint vel hic aut. Ut tempora sed debitis. Repellat aliquid dolorum earum molestiae.', 443, 4, 28, '2019-02-06 14:06:45', '2019-02-06 14:06:45'),
(61, 'et', 'Et reprehenderit et quasi quo ipsa. Hic ut vel laboriosam consequatur. Recusandae pariatur asperiores aut. Culpa amet et vitae facilis ut ea.', 634, 1, 6, '2019-02-06 14:06:45', '2019-02-06 14:06:45'),
(62, 'est', 'Alias quia sunt excepturi. Nihil ut dolorum voluptate. Voluptate officia non impedit animi pariatur in. Qui eaque id pariatur sapiente et sint. Sit distinctio expedita aut corrupti ut.', 422, 0, 27, '2019-02-06 14:06:45', '2019-02-06 14:06:45'),
(63, 'ut', 'Dolorum qui quia minima in. Est dolorem consectetur dolorem maiores consequatur accusantium. Sunt rem alias praesentium similique recusandae.', 973, 9, 10, '2019-02-06 14:06:45', '2019-02-06 14:06:45'),
(64, 'architecto', 'Quae beatae consequatur iure inventore. Tempora est eum minima ea dolorum optio. Dolorum et molestias aliquid est excepturi quaerat. Incidunt magni perspiciatis sapiente odio.', 908, 3, 6, '2019-02-06 14:06:45', '2019-02-06 14:06:45'),
(65, 'quia', 'Totam a iusto sed et. Dolorem quis quod ea consequatur et. Dolor dolorem eius neque. Sunt quidem quod est corrupti et.', 533, 8, 9, '2019-02-06 14:06:45', '2019-02-06 14:06:45'),
(66, 'officia', 'Rerum consectetur suscipit dolorem voluptas quia aspernatur animi deleniti. Mollitia voluptas ea similique. Quo mollitia officiis voluptas voluptatem alias sit velit.', 361, 1, 12, '2019-02-06 14:06:45', '2019-02-06 14:06:45'),
(67, 'sint', 'Est excepturi tenetur sint. Aspernatur omnis iste autem. Exercitationem in ipsam facere ut.', 840, 6, 29, '2019-02-06 14:06:45', '2019-02-06 14:06:45'),
(68, 'doloremque', 'Aut repellat laborum asperiores consequuntur aut quos in. Possimus dolores animi quia earum.', 369, 5, 13, '2019-02-06 14:06:45', '2019-02-06 14:06:45'),
(69, 'ipsum', 'Eveniet voluptas impedit sunt qui mollitia asperiores. Accusantium eligendi et asperiores. Officiis non aut dolorem distinctio in temporibus. Necessitatibus est autem recusandae aliquid ratione consequuntur.', 675, 0, 13, '2019-02-06 14:06:45', '2019-02-06 14:06:45'),
(70, 'nihil', 'Quod nobis mollitia consequuntur quia iste dolore aut. Quis et rerum sunt ea accusamus. Et sed qui porro ratione.', 609, 3, 20, '2019-02-06 14:06:45', '2019-02-06 14:06:45'),
(71, 'impedit', 'Repellendus voluptatem tenetur iusto eius ipsa nihil nihil. Enim animi rerum perferendis fuga velit. Officia mollitia iure sequi aliquam. Ut quibusdam aspernatur ratione qui maiores doloremque nihil.', 153, 1, 5, '2019-02-06 14:06:45', '2019-02-06 14:06:45'),
(72, 'eligendi', 'Et labore soluta vitae quia error eveniet voluptatem non. Fugiat veniam ut ipsa alias necessitatibus amet. Sunt enim saepe sed libero voluptatem.', 409, 9, 3, '2019-02-06 14:06:45', '2019-02-06 14:06:45'),
(73, 'officia', 'Maiores delectus non quia ut et velit soluta. Autem velit aliquid aut sint itaque ab nemo. Quas consequatur temporibus enim quia.', 297, 9, 10, '2019-02-06 14:06:45', '2019-02-06 14:06:45'),
(74, 'labore', 'Nihil qui sint esse dolores. Ab est ut unde harum. Laboriosam distinctio voluptatibus quis voluptate vitae laborum.', 373, 3, 3, '2019-02-06 14:06:45', '2019-02-06 14:06:45'),
(75, 'pariatur', 'Vel odio reiciendis voluptas non et dolorum aspernatur velit. Est voluptatem et quaerat a adipisci. Ut voluptatem similique voluptatem nisi ex aut debitis.', 185, 6, 17, '2019-02-06 14:06:45', '2019-02-06 14:06:45'),
(76, 'distinctio', 'Laudantium eos qui occaecati laudantium quidem aut repudiandae. Cupiditate autem repudiandae accusamus est incidunt aperiam debitis. Velit cumque exercitationem officiis. Ea quaerat labore necessitatibus inventore laborum eius nihil.', 785, 0, 8, '2019-02-06 14:06:45', '2019-02-06 14:06:45'),
(77, 'et', 'Dolores eveniet quis inventore. Consequatur quae molestias facilis aut quo pariatur quasi. Veniam ullam inventore recusandae esse impedit eius eos odit.', 522, 5, 19, '2019-02-06 14:06:45', '2019-02-06 14:06:45'),
(78, 'a', 'Provident animi enim nostrum et. Vitae consequatur et inventore occaecati voluptatem veritatis ut necessitatibus. Totam recusandae totam consequuntur ab. Non doloribus ullam expedita dolor et dignissimos.', 513, 9, 21, '2019-02-06 14:06:45', '2019-02-06 14:06:45'),
(79, 'fuga', 'Optio consequatur veritatis repudiandae quis maiores. Voluptatem aut quas et voluptate qui voluptates. Voluptas aperiam dolorem voluptatem. Rerum provident eum quam repellendus non sed non.', 996, 3, 22, '2019-02-06 14:06:45', '2019-02-06 14:06:45'),
(80, 'nobis', 'Fuga et rem et ea. Aperiam sunt aut recusandae tempore eveniet. Mollitia qui perferendis nam impedit quis enim.', 309, 5, 4, '2019-02-06 14:06:45', '2019-02-06 14:06:45'),
(81, 'corporis', 'Dolores distinctio sint nesciunt eaque suscipit et. Natus est quia et voluptatem officia rerum. Dolor dolores alias nisi eos qui aut. Ipsa inventore distinctio at dignissimos officia dolor quos.', 687, 1, 7, '2019-02-06 14:06:45', '2019-02-06 14:06:45'),
(82, 'voluptatum', 'Aliquid nobis voluptatibus enim earum dolorem earum sunt consectetur. Sit praesentium aut iure ex qui repellendus et sunt. Qui autem sint corporis porro.', 645, 5, 11, '2019-02-06 14:06:45', '2019-02-06 14:06:45'),
(83, 'id', 'Alias nobis veritatis accusamus aut accusantium quidem. Excepturi cumque omnis nemo veniam voluptas. Alias sapiente non ea non minus et.', 660, 7, 3, '2019-02-06 14:06:45', '2019-02-06 14:06:45'),
(84, 'ut', 'Non sit occaecati sunt ut. Ab delectus quidem molestiae cum consectetur rerum.', 469, 2, 21, '2019-02-06 14:06:45', '2019-02-06 14:06:45'),
(85, 'et', 'Non saepe placeat laudantium officiis perspiciatis. Eligendi similique sunt laborum nulla dicta est labore.', 590, 5, 3, '2019-02-06 14:06:45', '2019-02-06 14:06:45'),
(86, 'vel', 'Error perferendis laborum at esse aliquam. At et et modi sit aut nostrum qui quisquam. Dolorum cupiditate dolorem corporis at. Aut placeat a sed voluptatum omnis.', 238, 4, 10, '2019-02-06 14:06:45', '2019-02-06 14:06:45'),
(87, 'dolor', 'Nihil odio error doloremque doloremque. Natus minima eum eius facere sapiente quod consequatur.', 301, 0, 30, '2019-02-06 14:06:45', '2019-02-06 14:06:45'),
(88, 'repellendus', 'Voluptas maxime culpa vel quod occaecati unde et atque. Et architecto delectus est dolorum enim vero facere. Perspiciatis eaque tenetur voluptatem consequatur dolorum necessitatibus et.', 829, 9, 7, '2019-02-06 14:06:45', '2019-02-06 14:06:45'),
(89, 'fugit', 'Magni quia aut labore beatae eligendi odit est sequi. Blanditiis sunt laboriosam voluptatem magnam sint nisi. Cum pariatur nostrum sint alias eveniet sunt voluptas.', 328, 1, 27, '2019-02-06 14:06:45', '2019-02-06 14:06:45'),
(90, 'reprehenderit', 'Et non accusamus aliquam saepe autem consequatur. Porro et in dolores sunt soluta qui numquam et. Enim ex esse dolor quae officiis dolorem. Ut ea aut inventore officiis.', 839, 9, 5, '2019-02-06 14:06:45', '2019-02-06 14:06:45'),
(91, 'vero', 'Nobis ad doloremque et sint veniam. Id eaque non et consequatur.', 636, 9, 17, '2019-02-06 14:06:45', '2019-02-06 14:06:45'),
(92, 'eaque', 'Voluptatem corporis et laborum sapiente voluptatum dolores. Delectus debitis voluptatibus et enim ipsum sit. Repellendus quas et est labore quae magni exercitationem. Illum id quaerat dignissimos aut in.', 578, 0, 11, '2019-02-06 14:06:45', '2019-02-06 14:06:45'),
(93, 'vel', 'Esse vel eveniet minima. At perferendis et corporis consequatur sunt. Ut consequatur soluta aspernatur quas maiores. Quo et autem ut delectus nulla rerum dolorum consequatur.', 895, 4, 8, '2019-02-06 14:06:45', '2019-02-06 14:06:45'),
(94, 'illum', 'Velit voluptas sunt nesciunt eum. Quas commodi rerum aliquam voluptatum natus odio laboriosam. Corporis esse exercitationem accusantium dolorum qui aperiam et. Non omnis qui modi.', 239, 5, 10, '2019-02-06 14:06:45', '2019-02-06 14:06:45'),
(95, 'qui', 'Tenetur rerum voluptatem et consequuntur in officiis ut. Distinctio est quo quibusdam enim. Sequi illo ab sunt sed voluptatem. Cupiditate suscipit similique molestiae et nihil.', 843, 2, 9, '2019-02-06 14:06:45', '2019-02-06 14:06:45'),
(96, 'dolores', 'Voluptate provident veniam quaerat. Provident quia debitis vel repellat excepturi. Qui porro eos ea qui in. Quo voluptas saepe beatae quis.', 804, 0, 28, '2019-02-06 14:06:45', '2019-02-06 14:06:45'),
(97, 'error', 'Occaecati veritatis aut ad. Incidunt optio eius a totam sed qui. Fugit quae et quaerat iusto neque. Aperiam aut pariatur ex repellat recusandae.', 457, 3, 9, '2019-02-06 14:06:45', '2019-02-06 14:06:45'),
(98, 'consequatur', 'Aut laborum nisi voluptate minima perferendis itaque quis commodi. Qui consectetur ea ipsam perferendis. Eveniet iste non tempore ipsam enim. Alias doloribus sunt voluptatibus rerum illum.', 483, 9, 18, '2019-02-06 14:06:45', '2019-02-06 14:06:45'),
(99, 'error', 'Consequatur nobis quo deserunt velit. Omnis sed molestias dolor qui maxime dolor. Voluptatibus consequuntur voluptates qui et ut. Rerum est nemo similique reiciendis.', 327, 4, 4, '2019-02-06 14:06:45', '2019-02-06 14:06:45'),
(100, 'ut', 'Eum sit itaque autem laudantium. In est ex aut in. Provident consequatur et deserunt sit porro magni.', 742, 6, 17, '2019-02-06 14:06:45', '2019-02-06 14:06:45');

-- --------------------------------------------------------

--
-- Table structure for table `reviews`
--

DROP TABLE IF EXISTS `reviews`;
CREATE TABLE IF NOT EXISTS `reviews` (
  `id` int(10) UNSIGNED NOT NULL AUTO_INCREMENT,
  `product_id` int(10) UNSIGNED NOT NULL,
  `customer` varchar(191) COLLATE utf8mb4_unicode_ci NOT NULL,
  `review` text COLLATE utf8mb4_unicode_ci NOT NULL,
  `star` int(11) NOT NULL,
  `created_at` timestamp NULL DEFAULT NULL,
  `updated_at` timestamp NULL DEFAULT NULL,
  PRIMARY KEY (`id`),
  KEY `reviews_product_id_index` (`product_id`)
) ENGINE=MyISAM AUTO_INCREMENT=301 DEFAULT CHARSET=utf8mb4 COLLATE=utf8mb4_unicode_ci;

--
-- Dumping data for table `reviews`
--

INSERT INTO `reviews` (`id`, `product_id`, `customer`, `review`, `star`, `created_at`, `updated_at`) VALUES
(1, 68, 'Lew Okuneva', 'Et debitis commodi facere molestiae. Odit a quis enim. Illo et et dolor occaecati et fugit iusto.', 0, '2019-02-06 14:06:46', '2019-02-06 14:06:46'),
(2, 7, 'Harold Fahey', 'Mollitia in sapiente est explicabo odio harum cupiditate quod. Est eveniet vero fugit sunt repudiandae. Fugit dicta reprehenderit similique possimus fuga. Iure commodi laborum dolores tempore debitis aut cupiditate.', 1, '2019-02-06 14:06:46', '2019-02-06 14:06:46'),
(3, 7, 'Destini Durgan', 'Repellendus repellendus totam dolorum aut. Quo facere repellat quasi voluptas explicabo nam sit. Vel repellendus et omnis voluptatem ab qui. Et alias labore est qui.', 2, '2019-02-06 14:06:46', '2019-02-06 14:06:46'),
(4, 31, 'Mr. Raymond Waters', 'Possimus nihil aut dolores. Corporis explicabo impedit consequatur. Sed cupiditate nemo ea consequatur voluptas.', 1, '2019-02-06 14:06:46', '2019-02-06 14:06:46'),
(5, 76, 'Arnulfo Jacobi', 'A dolor et placeat vel. Et nostrum est consectetur ut vero accusantium explicabo. Id illo odit voluptatum quaerat id pariatur commodi.', 1, '2019-02-06 14:06:46', '2019-02-06 14:06:46'),
(6, 16, 'Dr. Percival Kemmer', 'Et perferendis perspiciatis quasi minima et ea numquam. Doloremque eius ullam fuga adipisci aut omnis est. Quia molestiae harum eos sed enim aliquid animi ut. Et illo impedit consequatur tempora excepturi sunt qui.', 4, '2019-02-06 14:06:46', '2019-02-06 14:06:46'),
(7, 39, 'Salvador Shanahan II', 'Ullam voluptatem ratione expedita et in et consequuntur quos. Consequatur enim quas autem vero odio. Tempora sunt aut reiciendis. Perspiciatis et atque illo quod.', 5, '2019-02-06 14:06:46', '2019-02-06 14:06:46'),
(8, 31, 'Emmett Dooley', 'Dolores veritatis quis eum et error optio iusto. Dolorem est laboriosam fugit omnis ex nesciunt. Impedit quis temporibus porro omnis necessitatibus pariatur natus. Explicabo quis ea facere sed.', 2, '2019-02-06 14:06:46', '2019-02-06 14:06:46'),
(9, 62, 'Prof. Amir Bruen', 'Ipsum sunt qui quibusdam accusantium consequatur reiciendis. Ab quis optio nam ab optio et nam. Iure aliquam itaque dolores quo. Minus enim iusto ut qui consequatur et.', 1, '2019-02-06 14:06:46', '2019-02-06 14:06:46'),
(10, 13, 'Jaida McClure', 'Aut possimus voluptatum et et in. Odio voluptas in doloribus. Explicabo similique consequatur aliquid ex eaque.', 1, '2019-02-06 14:06:46', '2019-02-06 14:06:46'),
(11, 37, 'Prof. Harvey Schuppe', 'Est dolore dolores nostrum aut consequatur doloremque incidunt vel. Aperiam vel neque nam voluptate et quasi perspiciatis illo. Reprehenderit iusto et repellat tenetur sit voluptatibus ducimus. Est mollitia quia magnam accusamus.', 5, '2019-02-06 14:06:46', '2019-02-06 14:06:46'),
(12, 1, 'Dr. Chanelle Schinner I', 'Aliquid accusamus qui eos possimus sint qui quisquam. Quae eos est ipsa excepturi in ut eum. Aut doloribus ex consequuntur et qui. Nisi accusantium optio enim optio deserunt impedit.', 1, '2019-02-06 14:06:46', '2019-02-06 14:06:46'),
(13, 11, 'Marlee Johnson', 'Non maiores neque odit quisquam esse ut possimus. Laudantium fugiat provident est maxime amet eaque cum. Quis molestiae omnis quae voluptatem.', 1, '2019-02-06 14:06:46', '2019-02-06 14:06:46'),
(14, 3, 'Corene Hamill', 'Illo sint aliquid ratione amet nostrum aut qui. Velit omnis non quia magni repellendus aliquam et vero. Natus possimus voluptates non eligendi. Soluta unde error hic id in.', 2, '2019-02-06 14:06:46', '2019-02-06 14:06:46'),
(15, 61, 'Mrs. Janae Lueilwitz', 'Inventore voluptatem inventore ut aliquid. Omnis recusandae in maiores doloribus doloremque odio.', 1, '2019-02-06 14:06:46', '2019-02-06 14:06:46'),
(16, 4, 'Hyman Hayes II', 'Corrupti eum animi dolores sunt accusamus accusantium quia quis. Aut quod magni quia natus iure recusandae et molestiae. Nemo quod libero incidunt eligendi excepturi beatae. Et commodi dolor incidunt.', 2, '2019-02-06 14:06:46', '2019-02-06 14:06:46'),
(17, 84, 'Domenick Wilkinson', 'Omnis qui iste beatae itaque et qui enim. Minus consectetur debitis velit consequatur. Ut aliquam facilis ipsum excepturi. Voluptatem est quo quasi enim deserunt repellat.', 4, '2019-02-06 14:06:46', '2019-02-06 14:06:46'),
(18, 77, 'Domenica Kiehn', 'Ea ratione unde aliquid soluta exercitationem ea incidunt. Ut provident animi voluptas et consequatur rerum facere. Doloremque perspiciatis dolore qui occaecati.', 2, '2019-02-06 14:06:46', '2019-02-06 14:06:46'),
(19, 10, 'Kristian Torphy', 'Et et repellendus quo voluptatem quis autem omnis. Eveniet necessitatibus quia nostrum dolorem. Voluptates corporis fugiat reiciendis mollitia ad molestias doloremque. Optio eos vel expedita sed.', 3, '2019-02-06 14:06:46', '2019-02-06 14:06:46'),
(20, 95, 'Audra Predovic', 'Eum atque fugiat sit aliquam hic. Alias atque nostrum beatae ad. Voluptas tempore quae fugit nostrum quam aut quia.', 4, '2019-02-06 14:06:46', '2019-02-06 14:06:46'),
(21, 41, 'Zola Rice', 'Aspernatur facilis debitis enim voluptas magni. Labore reprehenderit nihil voluptatem et blanditiis maxime voluptatem.', 3, '2019-02-06 14:06:46', '2019-02-06 14:06:46'),
(22, 23, 'Prof. Bianka Reinger', 'Est voluptas unde explicabo officiis in sit. Pariatur molestias et atque assumenda labore libero nemo. Ullam sed voluptatum pariatur occaecati.', 5, '2019-02-06 14:06:46', '2019-02-06 14:06:46'),
(23, 49, 'Nicola Parker', 'Nemo recusandae laborum itaque esse sunt. Ea id culpa explicabo rerum cupiditate et ea.', 3, '2019-02-06 14:06:46', '2019-02-06 14:06:46'),
(24, 52, 'Dariana Jacobi PhD', 'Alias aliquam et minima voluptatum. Sit laboriosam nisi doloribus et in qui et maxime. Temporibus sint nihil minus eos aut fugit.', 1, '2019-02-06 14:06:46', '2019-02-06 14:06:46'),
(25, 58, 'Juanita Gislason', 'Id magnam iusto consequatur vitae consequuntur. Neque et voluptatum omnis voluptas. Minus omnis sed illum quas.', 5, '2019-02-06 14:06:46', '2019-02-06 14:06:46'),
(26, 49, 'Henry Trantow', 'Tempora iste facilis perferendis commodi omnis ut. Repellat ut quod omnis fuga quod. Corrupti quas vero ratione tempore assumenda consequuntur blanditiis.', 5, '2019-02-06 14:06:46', '2019-02-06 14:06:46'),
(27, 5, 'Kayli Sauer', 'Facere et qui non laborum facilis pariatur voluptas doloribus. Velit amet possimus quia repudiandae.', 4, '2019-02-06 14:06:46', '2019-02-06 14:06:46'),
(28, 98, 'Jackson Jones', 'Aut nihil modi consequuntur et aut ab dolores. Est distinctio quisquam optio. Perferendis quos aliquam quidem molestiae quisquam. Qui quidem ut est iure minus quos.', 2, '2019-02-06 14:06:46', '2019-02-06 14:06:46'),
(29, 2, 'Roel Gusikowski', 'Velit voluptatem unde soluta corporis facere quae id. Fugit neque voluptas praesentium. Libero qui reprehenderit officia voluptas rerum ut.', 3, '2019-02-06 14:06:46', '2019-02-06 14:06:46'),
(30, 9, 'Tracy Bailey', 'Quisquam magni quia provident laboriosam iusto. Omnis voluptas et dolores fuga. Vel et sit et nobis. Sed nobis porro aspernatur minima autem.', 4, '2019-02-06 14:06:46', '2019-02-06 14:06:46'),
(31, 99, 'Darian Ortiz MD', 'Dolor laboriosam corrupti harum sequi dolorem non dolores. Cumque sed dolor eos ea.', 2, '2019-02-06 14:06:46', '2019-02-06 14:06:46'),
(32, 97, 'Adriana Swift', 'Excepturi dolore eum molestias voluptas provident dolores. Quo maiores enim tenetur dignissimos quisquam assumenda. Accusantium magni dolore consequatur nihil fugit.', 1, '2019-02-06 14:06:46', '2019-02-06 14:06:46'),
(33, 29, 'Eleanora Ernser', 'Consequuntur et veritatis velit ut autem exercitationem similique culpa. Beatae natus culpa ipsum est numquam. Consequatur sit in nemo nihil.', 5, '2019-02-06 14:06:46', '2019-02-06 14:06:46'),
(34, 46, 'Asa Baumbach', 'Vel ut eum fuga reiciendis. Est voluptatem facere et officia velit fugiat. Repellat quisquam ex et et ad. Occaecati tempora vel molestias modi et.', 3, '2019-02-06 14:06:46', '2019-02-06 14:06:46'),
(35, 12, 'Stephon Batz', 'Nisi quis voluptatum enim aperiam ducimus omnis eum. Tempore voluptas iste atque vel voluptas. Unde architecto occaecati qui animi deserunt accusantium.', 5, '2019-02-06 14:06:46', '2019-02-06 14:06:46'),
(36, 99, 'Skylar Tromp', 'Et deserunt ducimus ut aperiam necessitatibus cum. Et id velit dolorum. Soluta blanditiis error laborum ea quaerat sunt.', 2, '2019-02-06 14:06:46', '2019-02-06 14:06:46'),
(37, 21, 'Tiara Ruecker', 'Necessitatibus suscipit aut earum inventore et et voluptatem. Aliquid quam alias velit aut quas alias.', 4, '2019-02-06 14:06:46', '2019-02-06 14:06:46'),
(38, 67, 'Dr. Bernice Schiller Sr.', 'Sit est ipsum voluptatum sit. Quas quibusdam ut enim unde. Aperiam et voluptatem fugiat totam nam ex dolor.', 1, '2019-02-06 14:06:46', '2019-02-06 14:06:46'),
(39, 93, 'Germaine Zulauf', 'Eligendi ut vel in incidunt. Et provident praesentium pariatur nostrum aspernatur. Incidunt et deserunt voluptas expedita ipsam saepe totam.', 3, '2019-02-06 14:06:46', '2019-02-06 14:06:46'),
(40, 25, 'Coty Anderson Sr.', 'Natus facilis velit ab totam earum quibusdam. Cum labore et sed. Ipsam molestiae est quia porro error alias laboriosam est.', 1, '2019-02-06 14:06:46', '2019-02-06 14:06:46'),
(41, 64, 'Blanche Feeney', 'Cum voluptas et quae unde. Deserunt ea repudiandae quia atque odio ut quos alias.', 2, '2019-02-06 14:06:46', '2019-02-06 14:06:46'),
(42, 76, 'Maureen Durgan', 'Dignissimos laboriosam aut ipsam. Voluptatem velit rerum quia adipisci at sit delectus quod. Sed laudantium quibusdam itaque molestias nobis mollitia eaque. Assumenda accusantium harum explicabo voluptas rem doloribus praesentium.', 2, '2019-02-06 14:06:46', '2019-02-06 14:06:46'),
(43, 55, 'Gaetano Kessler II', 'Beatae ducimus ab quae nesciunt deserunt laboriosam a. Veniam culpa voluptate quis aut perspiciatis. A est unde nesciunt reprehenderit aliquid. Culpa architecto facere nulla.', 3, '2019-02-06 14:06:46', '2019-02-06 14:06:46'),
(44, 34, 'Kari Kassulke DVM', 'Suscipit eos nemo non distinctio sunt officiis incidunt nesciunt. Aut in quod et ut. Aspernatur sed suscipit dolor dolorem voluptas qui.', 4, '2019-02-06 14:06:46', '2019-02-06 14:06:46'),
(45, 44, 'Dr. Taurean Zieme', 'Aliquid in maxime sunt inventore molestiae aut. Possimus cum sit nulla. Animi nam et suscipit labore necessitatibus odit. Voluptas rerum optio consequatur at officiis doloremque.', 5, '2019-02-06 14:06:46', '2019-02-06 14:06:46'),
(46, 89, 'Mr. Nicolas Nikolaus DVM', 'Tempore facilis repellendus eaque pariatur id et ipsum facilis. Voluptatem cupiditate aut odit non temporibus quia error sint. Minus voluptatem quia magnam voluptates sit error. Fugit dolores enim quibusdam et quam.', 5, '2019-02-06 14:06:46', '2019-02-06 14:06:46'),
(47, 18, 'Keara Wilderman', 'Iure consectetur consequatur voluptatem magni. Est vitae nesciunt cupiditate rerum assumenda expedita eius laborum. Necessitatibus modi ea id quaerat voluptatem qui. Eius et voluptate consequatur recusandae.', 4, '2019-02-06 14:06:46', '2019-02-06 14:06:46'),
(48, 72, 'Burnice Herzog', 'Rerum similique aliquid nisi ducimus officiis. Distinctio ea omnis totam dolorem id in. Alias sit quia autem molestias ipsa ipsum voluptatem voluptates. Maxime exercitationem laboriosam reiciendis id.', 4, '2019-02-06 14:06:46', '2019-02-06 14:06:46'),
(49, 33, 'Ms. Meta Christiansen MD', 'Nulla omnis id explicabo doloribus autem quas. Totam beatae velit blanditiis id in dolores et. Hic mollitia ipsa inventore nobis rerum fuga ut. Aliquid et magni at rerum sit.', 3, '2019-02-06 14:06:46', '2019-02-06 14:06:46'),
(50, 62, 'Kiarra Barton III', 'Et quo quia qui fuga vel corrupti sed. Et quidem blanditiis molestiae sit eum facere ipsam. Dolores quas cupiditate magnam quo corrupti dolores repellendus. Suscipit corporis qui soluta debitis quia. Ullam mollitia eum modi ducimus id.', 4, '2019-02-06 14:06:46', '2019-02-06 14:06:46'),
(51, 7, 'Lindsay Morar', 'Dolores qui dolor et deleniti. Quia quia eum enim id placeat. Qui animi dicta excepturi voluptate fugiat harum totam.', 0, '2019-02-06 14:06:46', '2019-02-06 14:06:46'),
(52, 19, 'Paula Nader', 'Minima reiciendis nostrum voluptatibus tempore saepe. Quia magnam quam consequuntur aliquid animi ut laborum autem. Non architecto voluptatem dolorum perferendis rerum.', 5, '2019-02-06 14:06:46', '2019-02-06 14:06:46'),
(53, 68, 'Destini Mann', 'Maxime perferendis explicabo ut iusto occaecati illum. Eum unde accusamus voluptate velit sed quibusdam. Soluta est aut inventore odio similique. Quisquam nobis eum doloribus vero doloremque.', 5, '2019-02-06 14:06:46', '2019-02-06 14:06:46'),
(54, 29, 'Alva Runte IV', 'Molestias occaecati voluptatem rerum nobis qui provident. Excepturi voluptates non voluptatem perferendis non quia. Reprehenderit quis nihil vero possimus itaque. Ut officiis velit dolor.', 4, '2019-02-06 14:06:46', '2019-02-06 14:06:46'),
(55, 3, 'Jane Jacobi V', 'Impedit harum quidem ipsam distinctio ab qui. Voluptas repudiandae numquam veritatis quam adipisci eveniet quia. Quos id qui accusamus voluptas dolorem quod nulla deleniti.', 4, '2019-02-06 14:06:46', '2019-02-06 14:06:46'),
(56, 8, 'Carter Gusikowski', 'Non quaerat quibusdam fugiat in perspiciatis. Exercitationem sed perferendis reiciendis minus.', 1, '2019-02-06 14:06:46', '2019-02-06 14:06:46'),
(57, 34, 'Leo Cormier', 'Aut itaque repellendus et autem. Maiores hic quas neque officiis excepturi. Consequatur in ut aut eum delectus necessitatibus ducimus.', 5, '2019-02-06 14:06:46', '2019-02-06 14:06:46'),
(58, 76, 'Dr. Myron Muller', 'Earum aut totam fuga quod. Sint quae sit rerum enim porro illo. Reprehenderit nesciunt exercitationem et.', 3, '2019-02-06 14:06:46', '2019-02-06 14:06:46'),
(59, 56, 'Amara Ledner', 'Eligendi dicta aperiam molestias harum non et aut. Eos aut ut quis porro.', 5, '2019-02-06 14:06:46', '2019-02-06 14:06:46'),
(60, 89, 'Franz Treutel', 'Dolores est velit nobis cupiditate saepe exercitationem et. Eaque quo aut unde autem.', 1, '2019-02-06 14:06:46', '2019-02-06 14:06:46'),
(61, 28, 'Aletha Ryan II', 'Vel id porro aspernatur molestias voluptatem. Rerum eligendi veniam enim rerum aut natus. Eum rerum qui ipsa aliquid quas. Praesentium in autem dicta ratione quaerat molestias.', 3, '2019-02-06 14:06:46', '2019-02-06 14:06:46'),
(62, 22, 'Blaze Lakin', 'Ut quia enim quia. Harum enim voluptas eveniet veritatis occaecati. Vel modi voluptas veniam aliquam et in velit. Sed accusantium repellat iure et.', 2, '2019-02-06 14:06:46', '2019-02-06 14:06:46'),
(63, 59, 'Oma Eichmann', 'Molestiae aut eos explicabo ipsam ea est sunt. Aut enim id ea. Illo earum voluptatem fugit sit praesentium. Aspernatur perspiciatis doloribus ut odio dolores consequatur.', 1, '2019-02-06 14:06:46', '2019-02-06 14:06:46'),
(64, 2, 'Prof. Sonya Homenick Sr.', 'Esse velit enim sint. Corrupti voluptas voluptatem sunt aliquam voluptas. Quos magnam animi non maxime eius necessitatibus ut. Porro consequatur sint distinctio tempore magni.', 5, '2019-02-06 14:06:46', '2019-02-06 14:06:46'),
(65, 39, 'Mr. Craig Gerhold Jr.', 'Corporis facilis ut voluptates laborum cupiditate tempore. Qui quisquam est nam dicta. Odit aut numquam itaque voluptates neque voluptatem facere.', 5, '2019-02-06 14:06:46', '2019-02-06 14:06:46'),
(66, 75, 'Hilton Hahn', 'Accusantium quo repudiandae quia necessitatibus. Similique eos odit voluptatum repellat ipsa voluptas. Ut ut at quos minus dolorum illum incidunt. Facere ut doloremque nisi.', 2, '2019-02-06 14:06:46', '2019-02-06 14:06:46'),
(67, 3, 'Maxie Haag', 'Dolores quisquam recusandae ratione earum unde exercitationem sit. Odio et vel dolor facilis. Architecto sit sunt tenetur velit voluptatem praesentium et doloremque.', 4, '2019-02-06 14:06:46', '2019-02-06 14:06:46'),
(68, 92, 'Mr. Makenna Heaney', 'Id omnis facere voluptatem vel dolorem molestiae numquam. Cumque accusamus illum quasi quas. Nihil eos architecto laborum. Non fuga omnis tempore quo magnam.', 0, '2019-02-06 14:06:46', '2019-02-06 14:06:46'),
(69, 73, 'Josefa Smitham', 'Rem maxime similique qui. Architecto excepturi qui consectetur ratione beatae veritatis. Rerum voluptatem doloremque incidunt aut. Animi doloribus vel necessitatibus sed debitis accusantium quam aliquam. Totam dolorem libero labore non vitae mollitia.', 1, '2019-02-06 14:06:46', '2019-02-06 14:06:46'),
(70, 36, 'Leda Little', 'Vero est mollitia ad qui. Ut rerum eligendi doloribus beatae aut omnis. Minus similique qui sapiente.', 1, '2019-02-06 14:06:46', '2019-02-06 14:06:46'),
(71, 11, 'Hettie Kreiger DVM', 'Culpa id vel a tenetur iusto nemo. Vitae alias rerum hic dolorem qui tenetur. Quia optio et error veniam illum numquam fugit.', 0, '2019-02-06 14:06:46', '2019-02-06 14:06:46'),
(72, 58, 'Miss Stacy Mann Sr.', 'Qui eos sit hic similique eligendi. Fuga eligendi non ratione est nisi fugiat nisi sed. Explicabo voluptatibus corporis quae itaque eveniet qui. Qui quos labore aut nobis consequuntur officiis natus.', 2, '2019-02-06 14:06:46', '2019-02-06 14:06:46'),
(73, 50, 'Dr. Ansel Schiller', 'Laboriosam voluptatem vel assumenda eum dolor vero atque molestiae. Ea dolores ex ut est quo. Nihil rerum aut ipsum consequatur. Quae voluptatem sed vitae in mollitia.', 3, '2019-02-06 14:06:46', '2019-02-06 14:06:46'),
(74, 39, 'Fay Hodkiewicz', 'Quia reprehenderit minus cumque non molestiae. Fuga neque est unde sunt. Dicta eaque vel vel qui nemo.', 1, '2019-02-06 14:06:46', '2019-02-06 14:06:46'),
(75, 73, 'Maverick Bartoletti DDS', 'Natus inventore rerum harum magni odio autem. Illum numquam ducimus cum deserunt. Facilis tempore modi et ut sit eaque rerum. Molestias aut sapiente omnis.', 5, '2019-02-06 14:06:46', '2019-02-06 14:06:46'),
(76, 95, 'Benedict Rolfson', 'Voluptas et odit sit doloribus qui. Debitis molestiae impedit quia nam fugit minus. Adipisci dolores dolorem neque iure tempore.', 4, '2019-02-06 14:06:46', '2019-02-06 14:06:46'),
(77, 8, 'Liliane Johns', 'Aut et tenetur consequatur ex. Rerum quaerat animi id ut officia. Aperiam voluptatem unde iusto vel fuga cupiditate. Laborum qui vel nam architecto.', 3, '2019-02-06 14:06:46', '2019-02-06 14:06:46'),
(78, 59, 'Madonna Schuppe', 'Nam est voluptas et est sit ullam voluptatibus. Rerum quaerat non corrupti voluptatem quisquam vitae sint. In perferendis et quos aut quam fugit. Ea sed dolores nihil voluptas aut cumque.', 4, '2019-02-06 14:06:46', '2019-02-06 14:06:46'),
(79, 97, 'Georgianna Okuneva', 'Qui et qui repellendus incidunt in. Corrupti sit et quasi nihil excepturi ad aut. Quod omnis reprehenderit ut quia. Harum voluptatum delectus magnam autem sit iste ipsum.', 4, '2019-02-06 14:06:46', '2019-02-06 14:06:46'),
(80, 73, 'Ayla Robel III', 'Et ipsum iure modi consectetur quo sit id. Est earum doloremque commodi ullam. Laborum distinctio repellendus minima adipisci.', 5, '2019-02-06 14:06:46', '2019-02-06 14:06:46'),
(81, 12, 'Dr. Jarrod Murray', 'Voluptatum explicabo sunt ea rem et. Aut provident sit tempore consequatur sit autem. Excepturi aut et dolore accusamus aut fuga. Id officiis quos beatae placeat.', 0, '2019-02-06 14:06:46', '2019-02-06 14:06:46'),
(82, 76, 'Dovie Conroy', 'Alias et omnis ut aut. Aperiam nam ut deserunt in minima autem voluptatem. Blanditiis ut error autem harum expedita totam. Consequuntur vitae assumenda voluptate ex provident quas. Pariatur nam sint iure libero sed.', 1, '2019-02-06 14:06:46', '2019-02-06 14:06:46'),
(83, 29, 'Prof. Jairo Strosin IV', 'Magnam ad commodi et et nobis iure eius. Pariatur qui aut est placeat deleniti odio inventore. Est quos unde et minima doloremque accusantium.', 4, '2019-02-06 14:06:46', '2019-02-06 14:06:46'),
(84, 7, 'Kennith Moen', 'Fugit at atque est dolores fugit voluptatem. Nobis occaecati molestiae enim sit recusandae unde. Esse vel adipisci alias minus doloremque soluta.', 4, '2019-02-06 14:06:46', '2019-02-06 14:06:46'),
(85, 67, 'Mrs. Chyna Bednar II', 'Enim molestiae nam iure nam atque. Temporibus quod tenetur suscipit quam. Alias quo explicabo eum assumenda quibusdam cumque fuga.', 0, '2019-02-06 14:06:46', '2019-02-06 14:06:46'),
(86, 74, 'Raphael Spinka III', 'Aliquam necessitatibus nobis tempora omnis ab. Sit commodi dolor aliquid quidem provident. Et explicabo provident libero quidem. Iste minus est nisi sint est deleniti hic qui.', 4, '2019-02-06 14:06:46', '2019-02-06 14:06:46'),
(87, 96, 'Larissa Collier', 'Ab ea laboriosam nihil repellendus reiciendis. Voluptatem est tenetur eum et. Quia sed fuga unde blanditiis.', 5, '2019-02-06 14:06:46', '2019-02-06 14:06:46'),
(88, 40, 'Carleton Abshire', 'Eum maiores ut rerum nesciunt ipsam qui. Est quia cupiditate animi nam tenetur velit omnis. Necessitatibus omnis exercitationem eaque consequatur tenetur deleniti. Suscipit a magni autem placeat quas et.', 1, '2019-02-06 14:06:46', '2019-02-06 14:06:46'),
(89, 69, 'Icie Batz', 'Vero et est harum natus id. Libero voluptatem nisi quia. Velit et sint alias sapiente.', 0, '2019-02-06 14:06:46', '2019-02-06 14:06:46'),
(90, 2, 'Mrs. Emie Torp', 'Provident nam dolor soluta et recusandae sit ut. Quis unde sit omnis veritatis. Quis veritatis velit odit exercitationem.', 4, '2019-02-06 14:06:46', '2019-02-06 14:06:46'),
(91, 84, 'Norwood Boyle', 'Dolorum tempore omnis voluptates aut fugiat. Omnis porro enim culpa ex et amet et dolore. Eos aliquid molestias enim velit. Repudiandae temporibus itaque sunt aut impedit est.', 5, '2019-02-06 14:06:46', '2019-02-06 14:06:46'),
(92, 60, 'Thad Kassulke', 'Sapiente sit quia debitis sit atque consequatur nam. Exercitationem harum et magni provident quis. Repellendus libero pariatur eos unde laborum quis facilis.', 2, '2019-02-06 14:06:46', '2019-02-06 14:06:46'),
(93, 77, 'Tabitha Davis', 'Quo ut saepe aut iste ut modi. Illum atque consequatur ut dolor officiis.', 0, '2019-02-06 14:06:46', '2019-02-06 14:06:46'),
(94, 62, 'Suzanne Mills', 'Dolor officia reprehenderit non. Aut aut nihil iure non. Numquam eos cupiditate possimus ratione recusandae.', 4, '2019-02-06 14:06:46', '2019-02-06 14:06:46'),
(95, 59, 'Lelia Howe DVM', 'Corrupti sed et saepe totam aliquam quae accusantium. Numquam quo quis ut et nemo necessitatibus. Sint dolores aperiam ullam dolorem.', 0, '2019-02-06 14:06:46', '2019-02-06 14:06:46'),
(96, 52, 'Maritza Homenick', 'Et quia repellendus mollitia voluptas doloremque sint. Possimus et vitae aut esse. Et consequatur dolor facilis nesciunt tenetur. Eveniet omnis quos quaerat dolores est vel.', 5, '2019-02-06 14:06:46', '2019-02-06 14:06:46'),
(97, 3, 'Quinn Monahan', 'Iste debitis hic dolores inventore. Rerum nobis nihil dolor consequuntur. Aspernatur alias aliquid perferendis laboriosam fugit ut.', 2, '2019-02-06 14:06:46', '2019-02-06 14:06:46'),
(98, 96, 'Prof. Jarod Gutmann DDS', 'Molestias voluptas ut perspiciatis rerum. In ullam facilis praesentium ab accusamus reiciendis rerum id. Ut omnis numquam aut quos qui blanditiis.', 3, '2019-02-06 14:06:46', '2019-02-06 14:06:46'),
(99, 5, 'Janelle Keeling', 'Impedit tempore odio perspiciatis modi. Et ratione optio dolorum mollitia ipsa. Eum inventore quia dolorem unde nemo officiis.', 2, '2019-02-06 14:06:46', '2019-02-06 14:06:46'),
(100, 45, 'Dr. Ryan Lockman', 'Eum odit iure nam consequatur enim in odit. Aliquam incidunt molestiae quibusdam sunt. Facilis natus totam et.', 4, '2019-02-06 14:06:46', '2019-02-06 14:06:46'),
(101, 82, 'Lea Herzog', 'Molestiae et occaecati quis commodi repellendus sed nostrum inventore. Et non aspernatur esse est veniam qui dolorum nesciunt. Voluptatem dolores natus est. Blanditiis asperiores id qui.', 0, '2019-02-06 14:06:46', '2019-02-06 14:06:46'),
(102, 34, 'Kali Wolff', 'Maxime autem sed praesentium magnam. Maxime sed ad rerum. Quo fugit voluptatem ea voluptatem itaque dolore. Unde pariatur voluptate inventore accusantium.', 1, '2019-02-06 14:06:46', '2019-02-06 14:06:46'),
(103, 46, 'Hulda Kshlerin', 'Quas perspiciatis minima molestiae dolorem voluptatibus. Ea et exercitationem et dolor ullam sequi. Dignissimos repellat quaerat voluptas eos.', 0, '2019-02-06 14:06:46', '2019-02-06 14:06:46'),
(104, 5, 'Audie Von', 'Voluptates labore qui tenetur et et modi ut. Mollitia perferendis nostrum odit sunt provident. Eum atque totam quidem qui. Perspiciatis et velit eum quam voluptatem ut deleniti. Ut corrupti mollitia laboriosam nesciunt aut et ea.', 2, '2019-02-06 14:06:46', '2019-02-06 14:06:46'),
(105, 53, 'Emelia Williamson', 'Rerum fuga a magni tempora perspiciatis. Ipsam ea tempora sed recusandae minus. Temporibus eaque dolor dicta vitae error est ullam. Consectetur et occaecati et aspernatur.', 3, '2019-02-06 14:06:46', '2019-02-06 14:06:46'),
(106, 73, 'Ruth Koch', 'Dolor vel quis sit saepe totam. Voluptas nam fugiat quis ipsum aut magnam velit labore. Reiciendis alias est quo dolores error suscipit voluptatibus et.', 0, '2019-02-06 14:06:46', '2019-02-06 14:06:46'),
(107, 80, 'Mrs. Willie Corwin DDS', 'Nihil dolorem voluptate nobis. Et beatae odit suscipit voluptatem. Neque iure vitae aut voluptatem aspernatur dolores. Beatae vel id quia ut dolor non et. Aspernatur dolorem asperiores animi soluta quia.', 1, '2019-02-06 14:06:46', '2019-02-06 14:06:46'),
(108, 21, 'Arlo Rodriguez', 'Voluptates dolorem qui facilis nam sint repellat. Ullam aperiam non eaque atque ratione. Consequatur dolore ut qui quasi. Temporibus sint facilis dignissimos.', 1, '2019-02-06 14:06:46', '2019-02-06 14:06:46'),
(109, 64, 'Dr. Mckenzie Feil III', 'Perferendis nemo delectus repudiandae velit deleniti eum quaerat. Reiciendis similique et recusandae ducimus ea eveniet fugit quis. Corrupti quos consequatur consequatur dolores.', 0, '2019-02-06 14:06:46', '2019-02-06 14:06:46'),
(110, 81, 'Mr. Immanuel Witting', 'Quae dolorem ut rerum adipisci occaecati aliquam. Laboriosam culpa autem amet temporibus. Expedita eaque sunt commodi aperiam totam modi nisi. Id et omnis quas eaque voluptatum quasi sint temporibus.', 2, '2019-02-06 14:06:46', '2019-02-06 14:06:46'),
(111, 93, 'Priscilla Nitzsche', 'Cupiditate nostrum error earum nulla eligendi maxime quo. Velit placeat consequatur sed omnis sed possimus. Atque officia possimus expedita sed occaecati. Ipsa accusantium fugit doloremque soluta laudantium recusandae.', 2, '2019-02-06 14:06:46', '2019-02-06 14:06:46'),
(112, 9, 'Dr. Addison Stracke PhD', 'Quo maiores ex quia unde illum dolore. Possimus unde sed quaerat suscipit. Maiores alias rerum rem eveniet natus.', 0, '2019-02-06 14:06:46', '2019-02-06 14:06:46'),
(113, 2, 'Dr. Hayden Hickle', 'Expedita atque rerum est assumenda et soluta. Est vitae praesentium ducimus. Dolor facilis ut veniam nihil. Officiis praesentium quaerat laboriosam enim ut dolores.', 1, '2019-02-06 14:06:46', '2019-02-06 14:06:46'),
(114, 31, 'Freddie Hayes', 'Ad fugiat enim sit voluptas odio et. Dolore adipisci ducimus tempore temporibus et vel. Et laboriosam et nemo vel.', 0, '2019-02-06 14:06:46', '2019-02-06 14:06:46'),
(115, 30, 'Prof. Jason Johnston Sr.', 'Aliquid et ea explicabo voluptas consequuntur quis. Ad dolorem laborum occaecati perspiciatis. Et quo qui in.', 3, '2019-02-06 14:06:46', '2019-02-06 14:06:46'),
(116, 70, 'Lonny Volkman', 'Eligendi sunt fugiat qui assumenda consequatur. Deleniti qui cum architecto. Qui tenetur illo voluptas ullam omnis velit.', 3, '2019-02-06 14:06:46', '2019-02-06 14:06:46'),
(117, 31, 'Bettye Heidenreich', 'Sint tempora molestias assumenda suscipit. Aliquid temporibus neque et tempore excepturi ratione.', 0, '2019-02-06 14:06:46', '2019-02-06 14:06:46'),
(118, 15, 'Prof. Braeden Boyle', 'Commodi vel in sapiente. Qui non deserunt et ipsa. In voluptatem repellat ea velit quia.', 5, '2019-02-06 14:06:46', '2019-02-06 14:06:46'),
(119, 29, 'Dr. Annetta Watsica I', 'Dignissimos tempore deleniti non aut vero. Nostrum ut ab nesciunt ex debitis. Qui omnis soluta qui consequatur officiis quia consectetur. Minus pariatur ipsam velit et maiores dolor aperiam hic.', 5, '2019-02-06 14:06:46', '2019-02-06 14:06:46'),
(120, 88, 'Ofelia Miller', 'Repudiandae ipsum placeat sit omnis quia qui inventore. Optio ut blanditiis magni voluptas deserunt laudantium quaerat. Consequuntur fugit ea sed quia. Perspiciatis dolorem non quae ab optio qui.', 0, '2019-02-06 14:06:46', '2019-02-06 14:06:46'),
(121, 97, 'Della Breitenberg', 'Assumenda similique occaecati et eum. Ut a adipisci asperiores culpa asperiores voluptatibus cum. Illum aut est consequatur qui. Ipsam quod aut delectus earum omnis labore tenetur.', 3, '2019-02-06 14:06:46', '2019-02-06 14:06:46'),
(122, 16, 'Macy Schultz', 'Voluptatem dolor mollitia consequuntur quos numquam. Tempore veritatis quidem autem sed repellendus enim. Aspernatur ut nulla aut id nisi.', 2, '2019-02-06 14:06:46', '2019-02-06 14:06:46'),
(123, 81, 'Einar Reynolds', 'Et corporis et quidem et eaque. Voluptatem quidem est voluptas eligendi. Et accusamus molestiae voluptatum sunt.', 5, '2019-02-06 14:06:46', '2019-02-06 14:06:46'),
(124, 80, 'Ara Reilly', 'Expedita ratione dolore et quasi sit. Molestias quasi commodi accusamus odit corrupti sit sunt. Odio aliquam non qui et mollitia. Sit in ea quibusdam.', 2, '2019-02-06 14:06:46', '2019-02-06 14:06:46'),
(125, 73, 'Mr. Duncan Volkman', 'Quasi neque asperiores commodi pariatur minus. Natus illum distinctio laboriosam laboriosam quis ut. Vel ut illo nobis aut. Cumque earum temporibus itaque dolor officia.', 3, '2019-02-06 14:06:46', '2019-02-06 14:06:46'),
(126, 80, 'Ms. Bethany Oberbrunner DDS', 'Magnam alias saepe vitae nostrum molestias. Sunt vero ut commodi aut laborum. Vitae sed consequatur quia. Laudantium laboriosam deleniti aut molestiae eveniet quidem ratione labore.', 4, '2019-02-06 14:06:46', '2019-02-06 14:06:46'),
(127, 10, 'Mr. Leonard Hills IV', 'Assumenda laudantium aspernatur harum suscipit sit et. Quibusdam omnis velit aliquid possimus veritatis voluptatem laudantium cupiditate. Est quia ullam sit aliquam voluptatem at dolorem eveniet.', 1, '2019-02-06 14:06:46', '2019-02-06 14:06:46'),
(128, 17, 'Liza Conroy', 'Provident ut ex vitae aut maxime sed voluptates. Pariatur inventore nostrum qui sit eaque sunt. Aut est ea ipsa.', 3, '2019-02-06 14:06:46', '2019-02-06 14:06:46'),
(129, 35, 'Emma Goyette', 'Ullam omnis ea eos et quia nesciunt voluptas pariatur. Eius vitae rerum quia vel qui qui cupiditate. Cumque dolore debitis praesentium eveniet.', 3, '2019-02-06 14:06:46', '2019-02-06 14:06:46'),
(130, 11, 'Josue Rohan', 'Maxime eveniet nihil consequatur ut cupiditate est tempore. Consequuntur et et quia ut ipsum rem et. Dolores iusto assumenda iste dolor aut reprehenderit. Aut est sed aut excepturi id quo officia.', 2, '2019-02-06 14:06:46', '2019-02-06 14:06:46'),
(131, 73, 'Prof. Hobart Smitham PhD', 'Ad dolor quis ipsa harum possimus quis laudantium. Laborum quo ipsam et aut reprehenderit iure.', 2, '2019-02-06 14:06:46', '2019-02-06 14:06:46'),
(132, 88, 'Sandra Marks', 'Quos temporibus itaque illo temporibus et consequuntur debitis. Autem dolorem voluptates velit veniam quo sequi ratione ut. Est laborum minus temporibus omnis est. Accusamus laudantium et magnam atque a nobis ut ut.', 2, '2019-02-06 14:06:46', '2019-02-06 14:06:46'),
(133, 20, 'Hardy Crist', 'Debitis id et soluta fugit. Rerum voluptatibus harum ea minus quo quia. Alias minima molestiae alias consequuntur repudiandae dolore eos.', 4, '2019-02-06 14:06:46', '2019-02-06 14:06:46'),
(134, 64, 'Rylee Kiehn', 'Possimus et sunt ipsum est beatae aut. Omnis voluptas voluptatem qui expedita provident ab. Cum aut eligendi quae quis similique. Culpa laudantium aut dolore facilis aliquid.', 0, '2019-02-06 14:06:46', '2019-02-06 14:06:46'),
(135, 62, 'Mr. Enos Koepp V', 'Repudiandae nihil eos est et veritatis illo. Ducimus enim et voluptatum sed rerum nulla at. Quam sed sint illum officia quas et quia. Debitis voluptatem molestias itaque eveniet est sit dignissimos. Quaerat adipisci qui mollitia sed.', 4, '2019-02-06 14:06:46', '2019-02-06 14:06:46'),
(136, 95, 'Grayson Schimmel', 'Libero voluptate rerum possimus voluptatem sunt et. Aliquid velit aspernatur eum autem harum. Et nisi accusamus ea doloribus amet.', 4, '2019-02-06 14:06:46', '2019-02-06 14:06:46'),
(137, 46, 'Brigitte Beatty', 'Distinctio esse debitis omnis est aut aut. Rerum et nemo ad incidunt alias. Nulla ut autem rerum illum omnis nam corporis impedit.', 3, '2019-02-06 14:06:46', '2019-02-06 14:06:46'),
(138, 17, 'Nasir Mayer', 'Dolorem enim hic possimus ea blanditiis. Odio et maiores qui dolor modi. Eos officia et ea ad. Optio libero sequi aut et eos nesciunt animi.', 5, '2019-02-06 14:06:46', '2019-02-06 14:06:46'),
(139, 94, 'Miss Tierra Haag IV', 'Tenetur quod consectetur voluptate natus. Aperiam reprehenderit ipsum dolores neque assumenda sint. Et beatae quo saepe nemo accusantium ut. Quo necessitatibus sapiente tenetur inventore vel eaque iusto non.', 2, '2019-02-06 14:06:46', '2019-02-06 14:06:46'),
(140, 42, 'Carroll Gottlieb', 'Fugiat molestias impedit voluptatem et ut quibusdam perspiciatis ipsa. Qui quisquam magni provident cum consequatur sit impedit. Qui nam dolor ut nostrum ut. Et est magnam minus molestiae. Aliquid quo nihil eum molestiae.', 2, '2019-02-06 14:06:46', '2019-02-06 14:06:46'),
(141, 74, 'Heath Rosenbaum DVM', 'Necessitatibus dignissimos amet sit sequi molestias velit temporibus. Natus cupiditate non quia sit est aperiam. Modi corporis doloribus delectus.', 3, '2019-02-06 14:06:46', '2019-02-06 14:06:46'),
(142, 67, 'Ms. Tia Muller I', 'Tempora distinctio aut et reiciendis pariatur. Quasi ipsam adipisci fugit esse. Id numquam eum ullam libero velit omnis dignissimos.', 0, '2019-02-06 14:06:46', '2019-02-06 14:06:46'),
(143, 75, 'Katlynn Bednar', 'Repellendus a aliquam quaerat. Est ipsam expedita facere sed et. Non libero natus minus quae. Exercitationem ipsum incidunt autem unde maxime ea.', 5, '2019-02-06 14:06:46', '2019-02-06 14:06:46'),
(144, 95, 'Juliana Wuckert', 'Iste delectus facilis reiciendis voluptatem sunt maiores. Alias libero doloribus sed porro. Quidem praesentium nostrum ad error impedit id molestias possimus. Vel est voluptatem in maxime.', 0, '2019-02-06 14:06:46', '2019-02-06 14:06:46'),
(145, 23, 'Merle Grant', 'Soluta deleniti tenetur esse natus doloremque fugit. Velit quia sapiente accusamus perspiciatis. Itaque ab possimus aut amet repudiandae aspernatur sunt.', 5, '2019-02-06 14:06:46', '2019-02-06 14:06:46'),
(146, 5, 'Orland Kuvalis', 'Voluptas molestiae debitis autem aut et. Non non iusto sit vel vel velit est. Expedita hic veritatis molestias facere debitis itaque. Dignissimos ratione recusandae sapiente maiores recusandae iusto.', 1, '2019-02-06 14:06:46', '2019-02-06 14:06:46'),
(147, 12, 'Sarina Kozey', 'Magni dolore enim nam nihil architecto et voluptatem reprehenderit. Veniam et velit sunt hic.', 5, '2019-02-06 14:06:46', '2019-02-06 14:06:46'),
(148, 13, 'Barbara Bahringer', 'Iure ratione aut eligendi recusandae et facere exercitationem et. Fugit nesciunt accusamus molestias. Omnis repudiandae a nostrum.', 3, '2019-02-06 14:06:46', '2019-02-06 14:06:46'),
(149, 71, 'Colleen Rice', 'Porro cumque omnis expedita. Quia ut architecto voluptas optio aliquid qui. Tempora assumenda atque libero ullam ut. Nostrum in et vel sapiente ullam in hic.', 4, '2019-02-06 14:06:46', '2019-02-06 14:06:46'),
(150, 84, 'Alexis Hauck', 'Et nihil vel aut molestiae qui amet iure. Aut et voluptatem debitis vel alias. Explicabo quo consequuntur adipisci dicta commodi qui. Culpa debitis temporibus quaerat sapiente error.', 4, '2019-02-06 14:06:46', '2019-02-06 14:06:46'),
(151, 46, 'Dr. Alycia Hand IV', 'Et quibusdam consectetur nisi suscipit quas. Facere sit excepturi vel in. Earum unde beatae dolore et et. Consequatur aut impedit quia libero perspiciatis. Magni illum est quia repudiandae dolores doloribus.', 0, '2019-02-06 14:06:46', '2019-02-06 14:06:46'),
(152, 9, 'Roslyn Lebsack', 'Sunt repudiandae nobis dolorum. Maiores magnam velit sit adipisci vero illo. Voluptates ea est facere exercitationem quia sint quidem.', 5, '2019-02-06 14:06:46', '2019-02-06 14:06:46'),
(153, 28, 'Prof. Kariane White', 'Illum nulla impedit ipsa a eveniet deleniti. Et libero quasi quo quidem. Qui nisi unde quia libero ut voluptatem nostrum.', 2, '2019-02-06 14:06:46', '2019-02-06 14:06:46'),
(154, 42, 'Dejuan Wuckert', 'Inventore ipsa voluptates velit eius minima fugiat quam enim. Voluptate adipisci provident et eum non. Optio qui asperiores nisi consequatur.', 1, '2019-02-06 14:06:46', '2019-02-06 14:06:46'),
(155, 31, 'Prof. Gracie Zemlak Jr.', 'In quod ab qui beatae eveniet. Laboriosam provident cum assumenda fugiat mollitia maxime accusantium. Perferendis adipisci nulla et doloremque nostrum beatae enim.', 0, '2019-02-06 14:06:46', '2019-02-06 14:06:46'),
(156, 71, 'Dr. Ewell Osinski MD', 'Eaque repellendus est et. Ea veniam omnis nihil enim nisi. Eos iusto non tempora in nobis et voluptatem vero. Debitis culpa culpa provident et.', 2, '2019-02-06 14:06:46', '2019-02-06 14:06:46'),
(157, 39, 'May Stanton DVM', 'Reiciendis et provident quod optio laborum at. Quasi et sint voluptatem et voluptatem sed. Ut rerum minima quis quia vitae distinctio hic.', 2, '2019-02-06 14:06:46', '2019-02-06 14:06:46'),
(158, 87, 'Aditya Streich', 'Ut voluptatibus a autem animi. Sit in quia aliquid natus pariatur et in.', 0, '2019-02-06 14:06:46', '2019-02-06 14:06:46'),
(159, 30, 'Prof. Blaise Auer I', 'Vero vel quam aut nihil nihil autem non corrupti. Consequatur labore qui aliquam et ut quam non. Consequatur fuga velit quia aut est et velit. Eos velit autem accusamus delectus quas repellat nihil.', 4, '2019-02-06 14:06:46', '2019-02-06 14:06:46'),
(160, 72, 'Mrs. Rozella Armstrong', 'Deleniti ea sed sed rerum dolor dolorem qui et. Ipsa repellendus sit sit ex asperiores nihil molestiae. Impedit aut vitae omnis repellat.', 4, '2019-02-06 14:06:46', '2019-02-06 14:06:46'),
(161, 88, 'Bennie Cartwright II', 'At quae est voluptatem quae laudantium est. Ut quidem velit voluptate ratione provident voluptate nesciunt fugit. Minus possimus quod rerum qui. Cupiditate perspiciatis ea odio dolor.', 4, '2019-02-06 14:06:46', '2019-02-06 14:06:46'),
(162, 96, 'Ms. Kasandra Stroman', 'Illum nemo ut consequuntur eum delectus vitae. Non impedit officia provident ut. Similique veniam et praesentium non exercitationem dolor.', 0, '2019-02-06 14:06:46', '2019-02-06 14:06:46'),
(163, 26, 'Mrs. Trisha Daniel I', 'Perferendis omnis officia doloribus similique. Beatae est ex consequatur expedita. Enim consequuntur similique quos tempore necessitatibus necessitatibus. Dicta itaque dolor dolore molestiae dolor non ut.', 2, '2019-02-06 14:06:46', '2019-02-06 14:06:46'),
(164, 13, 'Mr. Haleigh Dicki', 'Aut nostrum saepe quis dolores. Minus autem rerum pariatur vitae quis. Dolorum fugit quia consequatur placeat voluptas rem. Rerum sed et porro quia maiores ducimus ipsa odit.', 2, '2019-02-06 14:06:46', '2019-02-06 14:06:46'),
(165, 54, 'Quinton VonRueden', 'Tempore dolore non rerum provident. Eos eum impedit illum nulla quis. Quia voluptas fuga quia dolores est distinctio dicta enim. Totam omnis consequatur aperiam commodi optio.', 5, '2019-02-06 14:06:46', '2019-02-06 14:06:46'),
(166, 40, 'Dr. Lexie Hackett V', 'Quam animi itaque ea delectus. Provident eius perferendis dicta excepturi dolor eum. Excepturi iusto totam dolor omnis rerum eos tempora velit. Nostrum quisquam sit aperiam quaerat.', 5, '2019-02-06 14:06:46', '2019-02-06 14:06:46'),
(167, 75, 'Prof. Nikki Marvin I', 'Et reprehenderit delectus quis tempore rerum impedit temporibus. Pariatur ipsam incidunt mollitia quia. Velit repellat iusto et expedita expedita porro aut. Atque fugit pariatur sunt facere eum.', 2, '2019-02-06 14:06:46', '2019-02-06 14:06:46'),
(168, 3, 'Dr. Georgette Hills', 'Facilis cumque qui veniam et placeat sapiente autem. Officiis et illum velit rerum adipisci nemo eaque eligendi. Eum quo vel quos exercitationem. Officiis aut sit ex ex maiores.', 2, '2019-02-06 14:06:46', '2019-02-06 14:06:46'),
(169, 40, 'Sandrine Baumbach', 'Commodi perferendis quas consectetur aliquam et eaque voluptatibus laudantium. Tempore id veniam dicta iste nobis perspiciatis distinctio eligendi. Quia rem vel dolores iusto possimus repudiandae ut.', 5, '2019-02-06 14:06:46', '2019-02-06 14:06:46'),
(170, 7, 'Melody Tremblay', 'Velit sint qui sit sint eum in aut. Sit sed asperiores laudantium nemo quaerat placeat accusamus. Quibusdam necessitatibus quaerat amet tempore.', 4, '2019-02-06 14:06:46', '2019-02-06 14:06:46'),
(171, 60, 'Joelle Graham', 'Dolorem ipsam sunt maiores alias blanditiis. Eos impedit non repellendus pariatur reprehenderit animi. Aut accusamus sed nihil enim quo quae. Ratione asperiores omnis laudantium est voluptatem pariatur.', 4, '2019-02-06 14:06:46', '2019-02-06 14:06:46'),
(172, 15, 'Alexys Walsh Sr.', 'Autem quis excepturi et recusandae ducimus tenetur. Quibusdam autem qui accusantium suscipit. Repellendus eaque excepturi omnis quia eos nemo.', 5, '2019-02-06 14:06:46', '2019-02-06 14:06:46'),
(173, 41, 'Sabina Nicolas', 'Aliquid officia deleniti qui fugiat est quo placeat. Cupiditate est iusto sit tempore. Excepturi sunt voluptates est rem eveniet sunt.', 3, '2019-02-06 14:06:46', '2019-02-06 14:06:46'),
(174, 6, 'Jerel Quitzon', 'Voluptatem voluptate enim possimus in non. Placeat voluptate qui suscipit libero expedita accusamus. In sint aut ut facilis hic optio iste.', 3, '2019-02-06 14:06:46', '2019-02-06 14:06:46'),
(175, 63, 'Ulices Schoen', 'Aspernatur ipsum quo possimus debitis ipsa eum ullam quia. Fuga velit aut quas blanditiis quasi quo. Reprehenderit sit quis eum quisquam.', 4, '2019-02-06 14:06:46', '2019-02-06 14:06:46'),
(176, 70, 'Jailyn Shields', 'Non eum nesciunt sapiente est. Aut optio beatae et debitis facilis sunt magnam quod. Rem nam ea repellendus suscipit qui ad repellat molestias. Et harum magnam officiis porro praesentium alias.', 4, '2019-02-06 14:06:46', '2019-02-06 14:06:46'),
(177, 2, 'Elmira Lindgren', 'Eaque aut ducimus repellendus reiciendis sit eveniet exercitationem accusamus. Rerum voluptatem distinctio saepe animi quo natus. Esse ea et sint quam.', 3, '2019-02-06 14:06:46', '2019-02-06 14:06:46'),
(178, 85, 'Alyce Doyle Sr.', 'Aperiam commodi nemo temporibus sed quo. Quasi quia eius vitae eos sint totam. Culpa beatae dolores maxime maiores.', 4, '2019-02-06 14:06:46', '2019-02-06 14:06:46'),
(179, 60, 'Velma Ritchie', 'Veniam doloremque et maiores laudantium iste cupiditate. Non cupiditate vel accusamus soluta inventore illo dolorum sed. Aliquid harum vero exercitationem officia eveniet iusto odio.', 2, '2019-02-06 14:06:46', '2019-02-06 14:06:46'),
(180, 2, 'Edgar Lockman', 'Labore voluptatem doloremque et natus reiciendis. Molestiae facilis non velit impedit suscipit laboriosam omnis.', 3, '2019-02-06 14:06:46', '2019-02-06 14:06:46'),
(181, 36, 'Misty Anderson IV', 'Consequatur rem vitae vitae adipisci nam sunt ducimus. Et commodi totam suscipit ut aut dolorem quam vitae. Repellendus est dignissimos repudiandae quae. Corrupti tempore aut perferendis officiis rerum consequatur dicta mollitia.', 1, '2019-02-06 14:06:46', '2019-02-06 14:06:46'),
(182, 25, 'Nettie Lindgren', 'Enim vitae debitis voluptatum. In corrupti illum voluptatem. Nulla et maxime rerum. Eligendi delectus non natus vero similique dolorem. Et exercitationem et autem cum molestiae doloribus omnis.', 4, '2019-02-06 14:06:46', '2019-02-06 14:06:46'),
(183, 57, 'Juwan Green', 'Nemo veritatis atque commodi rerum et consequatur. Modi ut aperiam accusantium sequi animi ratione unde est. Numquam iste neque soluta est molestias cum ad.', 3, '2019-02-06 14:06:46', '2019-02-06 14:06:46'),
(184, 83, 'Dion Dibbert', 'Est sequi suscipit dolorum sed saepe voluptates. Quia ut ipsam id molestiae. Autem quia sunt voluptatem sapiente. Optio exercitationem temporibus qui.', 3, '2019-02-06 14:06:46', '2019-02-06 14:06:46'),
(185, 12, 'Carmen Kozey', 'Animi perspiciatis porro repellendus. Excepturi itaque a pariatur aut nihil occaecati et. Facere quo ullam quia. Est qui ut sed expedita qui consequatur molestiae deserunt.', 1, '2019-02-06 14:06:46', '2019-02-06 14:06:46'),
(186, 57, 'Reymundo Armstrong', 'Ipsam sint et molestias tenetur velit delectus error praesentium. Aliquid non et blanditiis aut saepe perferendis. Quia rerum sed magnam repellat aspernatur aut qui.', 2, '2019-02-06 14:06:46', '2019-02-06 14:06:46'),
(187, 14, 'Prof. Eduardo Hodkiewicz', 'Accusamus assumenda nostrum aperiam debitis ullam culpa quis facilis. Est veritatis tenetur deserunt eum laboriosam consequatur. Nesciunt et eos sit sit qui qui quia. Praesentium molestiae repudiandae ut doloribus labore.', 4, '2019-02-06 14:06:46', '2019-02-06 14:06:46'),
(188, 100, 'Stanford Jacobs', 'Dolor saepe tempora ea aut. Dolorum sed tenetur cumque distinctio sed aut. Dolorum odio aspernatur quo quia dolorum illo ut. Voluptatibus ut suscipit delectus rerum ut dolorem. Iste necessitatibus necessitatibus quo quo repellendus modi aut.', 2, '2019-02-06 14:06:46', '2019-02-06 14:06:46'),
(189, 67, 'Everette Fritsch', 'Reiciendis et quaerat consequatur neque qui. Neque qui consequatur similique provident. Ratione porro est accusamus consectetur deleniti ut distinctio magni. Consequatur quaerat est sed sit soluta.', 1, '2019-02-06 14:06:46', '2019-02-06 14:06:46'),
(190, 17, 'Tevin Mills', 'Ipsam blanditiis autem perferendis et distinctio suscipit. Architecto voluptas ut quam laudantium ex. Numquam aut perferendis odio totam.', 0, '2019-02-06 14:06:46', '2019-02-06 14:06:46'),
(191, 22, 'Elaina Wunsch', 'Est natus excepturi aut. Ut amet et explicabo cum nihil necessitatibus sed eum. Consectetur animi deleniti facilis maiores ut. Perspiciatis quod ut quo consequatur.', 1, '2019-02-06 14:06:46', '2019-02-06 14:06:46'),
(192, 53, 'Gussie Schultz', 'Explicabo esse architecto officia et necessitatibus quos consequatur. Officia delectus commodi molestiae et quo.', 0, '2019-02-06 14:06:46', '2019-02-06 14:06:46'),
(193, 61, 'Dr. Quinton Batz', 'Omnis nobis cum nisi odio. Temporibus voluptates itaque cumque ratione et accusantium. Illo quo possimus architecto.', 0, '2019-02-06 14:06:46', '2019-02-06 14:06:46'),
(194, 34, 'Mr. Alden Lehner Sr.', 'Vero asperiores repellendus rerum voluptate sunt. Ab in dolorem consequatur fugiat expedita eaque similique repudiandae. Sed earum vero qui sed tenetur optio aut. Sit necessitatibus aliquid quidem tempora enim culpa ut eligendi.', 2, '2019-02-06 14:06:46', '2019-02-06 14:06:46'),
(195, 24, 'Mr. Joe Ullrich', 'Qui dolor mollitia culpa in tenetur sunt modi. Omnis magnam facilis est soluta animi illum labore dolores. Omnis qui voluptas vitae quisquam rerum modi. Qui quis sit voluptatem enim voluptatem ut laudantium ea.', 5, '2019-02-06 14:06:46', '2019-02-06 14:06:46'),
(196, 64, 'Justen Hintz', 'Iusto sit et dicta in beatae. Incidunt eum omnis reiciendis omnis quasi fugit quis. Ea molestiae enim deleniti minima. Veniam aliquam eius perferendis aut libero enim provident cupiditate.', 2, '2019-02-06 14:06:46', '2019-02-06 14:06:46'),
(197, 78, 'Alize Sanford', 'Qui dolores molestias enim doloribus. Et autem harum amet perspiciatis. Vel et et nobis omnis.', 1, '2019-02-06 14:06:46', '2019-02-06 14:06:46'),
(198, 40, 'Thurman Franecki', 'Tempora et reprehenderit magni aut soluta. Ipsam quos odit vel tempora corrupti voluptatem et. Voluptatem culpa qui nihil.', 4, '2019-02-06 14:06:46', '2019-02-06 14:06:46'),
(199, 71, 'Princess Stark', 'Voluptatem magni voluptatum sunt est officia. Placeat deleniti quo totam maiores temporibus. Maxime alias cupiditate a quaerat sunt rerum. Provident enim impedit inventore maxime et.', 3, '2019-02-06 14:06:46', '2019-02-06 14:06:46'),
(200, 45, 'Dr. Melvina Bode', 'Aut nisi est doloribus accusantium. Est voluptatibus omnis incidunt ad facilis aspernatur. Qui minus quis unde quis et inventore vitae. Blanditiis repellat excepturi inventore.', 2, '2019-02-06 14:06:46', '2019-02-06 14:06:46'),
(201, 3, 'Mr. Leonard Morissette II', 'Soluta perferendis fugit similique voluptates in dolore non ut. Velit ut itaque ut reiciendis necessitatibus. Molestias laborum error et rerum odit aspernatur. Nam velit qui id.', 4, '2019-02-06 14:06:46', '2019-02-06 14:06:46'),
(202, 61, 'Lucile Bins', 'Distinctio qui eum aliquam voluptatibus. Commodi aliquam nihil quaerat cumque sunt nesciunt vel. Libero corporis ad soluta. Recusandae nam necessitatibus reprehenderit sint consequatur quos. Aperiam et incidunt qui autem.', 0, '2019-02-06 14:06:46', '2019-02-06 14:06:46'),
(203, 55, 'Josue Fadel', 'Saepe tempora est quia laboriosam optio laborum. Voluptatibus et impedit ratione quia laboriosam nobis.', 3, '2019-02-06 14:06:46', '2019-02-06 14:06:46'),
(204, 61, 'Mr. Torrey Gislason Sr.', 'Voluptas aut perferendis saepe ex veritatis recusandae autem. Et est consectetur occaecati voluptate. Impedit reiciendis ut praesentium et. Voluptatibus recusandae veniam consequatur autem qui in. Aliquid nostrum totam voluptas necessitatibus illo vero.', 1, '2019-02-06 14:06:46', '2019-02-06 14:06:46'),
(205, 40, 'Kirsten Funk Jr.', 'Et doloribus blanditiis dicta. Magnam impedit aliquid iste qui. Quo quisquam facilis quaerat facilis temporibus. Ducimus commodi omnis quis repellendus qui ratione aut.', 4, '2019-02-06 14:06:46', '2019-02-06 14:06:46'),
(206, 42, 'Shaylee Yundt', 'Illo molestiae incidunt veniam sunt ea. Eveniet vel reprehenderit ipsa consequuntur veritatis voluptas accusantium cum. Velit qui ut laboriosam et ipsum omnis vel.', 0, '2019-02-06 14:06:46', '2019-02-06 14:06:46'),
(207, 60, 'Mr. Karl Dickens Sr.', 'Rerum tenetur laborum et eos. Quo cum magni sint quisquam eligendi eveniet sed. Consequuntur suscipit perferendis sit aut. Neque excepturi nobis dolorem dolorem ducimus.', 5, '2019-02-06 14:06:46', '2019-02-06 14:06:46'),
(208, 54, 'Jensen Runolfsdottir', 'Laborum rerum voluptatem aperiam dolor laudantium voluptas. Qui iusto pariatur corporis aperiam quia sit suscipit alias.', 1, '2019-02-06 14:06:46', '2019-02-06 14:06:46'),
(209, 74, 'Rick Johnson', 'Blanditiis aspernatur est natus rerum laborum non qui esse. Ut impedit atque non ullam nisi. Ipsam autem est illo voluptatem veritatis autem nihil. Et magni sit est sunt omnis.', 4, '2019-02-06 14:06:46', '2019-02-06 14:06:46'),
(210, 54, 'Abelardo Haley', 'Voluptatem provident sequi deserunt in nesciunt eligendi perferendis. Quia ratione odio odit impedit error excepturi sapiente. Doloribus non nisi omnis doloremque iure quibusdam sed occaecati. Aut ea voluptatem molestiae ipsum quis.', 4, '2019-02-06 14:06:46', '2019-02-06 14:06:46');
INSERT INTO `reviews` (`id`, `product_id`, `customer`, `review`, `star`, `created_at`, `updated_at`) VALUES
(211, 31, 'Oleta Bahringer', 'Ipsam quo id nihil. Et eaque maiores non libero eius eum sit velit. Aut quas eaque excepturi. Sed quia harum velit deserunt.', 4, '2019-02-06 14:06:46', '2019-02-06 14:06:46'),
(212, 85, 'Demetris Shields', 'Excepturi deserunt aliquid voluptas unde laborum molestiae reprehenderit. Sit et distinctio voluptates quam perferendis minus. At ut dolores assumenda rerum qui.', 5, '2019-02-06 14:06:46', '2019-02-06 14:06:46'),
(213, 27, 'Dr. Colton Konopelski', 'Accusamus explicabo ut nam quas quas. Doloribus architecto sint in eos sed sunt quo molestias. Architecto repudiandae laboriosam et.', 1, '2019-02-06 14:06:46', '2019-02-06 14:06:46'),
(214, 63, 'Miss Vicenta Weber', 'Aut eos fugit et qui odit. Libero a neque rerum ea quidem numquam molestias. Aperiam necessitatibus unde repellendus suscipit ut fuga cumque. Sit eius quasi vel minima quod natus ipsam.', 1, '2019-02-06 14:06:46', '2019-02-06 14:06:46'),
(215, 92, 'Elta Lueilwitz', 'Doloribus inventore ex fugit aut omnis ex quae rerum. Dolor qui tempora autem enim. Ut quisquam ut enim tempore rem. Voluptate similique recusandae aliquid dolorem.', 2, '2019-02-06 14:06:46', '2019-02-06 14:06:46'),
(216, 30, 'Ericka Zboncak', 'Quia neque voluptatem similique maxime. Similique magni asperiores quam et placeat est. Quos eligendi perferendis tenetur qui numquam id beatae.', 1, '2019-02-06 14:06:46', '2019-02-06 14:06:46'),
(217, 42, 'Ms. Hortense Runolfsson Jr.', 'Quo voluptatibus voluptas aperiam repudiandae aut dolor. Rerum nam unde laudantium quis rerum voluptatem. Ea ipsa aut veritatis dicta.', 1, '2019-02-06 14:06:46', '2019-02-06 14:06:46'),
(218, 55, 'Coby Green III', 'Dolorum culpa assumenda tenetur iure numquam qui qui. Incidunt qui quaerat dolor error beatae quia laudantium quo. Qui debitis sint molestias optio.', 5, '2019-02-06 14:06:46', '2019-02-06 14:06:46'),
(219, 34, 'Prof. Twila Nienow', 'Perferendis architecto aut quo beatae. Voluptas incidunt velit unde qui veritatis aut quaerat alias. Eos adipisci tenetur similique. Illum aut quasi alias aspernatur.', 4, '2019-02-06 14:06:46', '2019-02-06 14:06:46'),
(220, 64, 'Mitchel Koelpin', 'Adipisci occaecati exercitationem illo nostrum eum optio. Provident aliquam aliquam in. Molestiae maiores modi earum ipsam distinctio aut. Et qui maxime commodi ex fugit aut.', 3, '2019-02-06 14:06:46', '2019-02-06 14:06:46'),
(221, 79, 'Dr. Furman Oberbrunner', 'Illum doloremque officia fuga vel quos vitae. Praesentium corporis accusantium soluta autem dignissimos. Ex asperiores sit corrupti delectus dolores.', 1, '2019-02-06 14:06:46', '2019-02-06 14:06:46'),
(222, 49, 'Pattie Robel', 'Enim ea laboriosam eveniet delectus quis cumque magni. Quod doloribus facere minus. Maxime voluptatem at voluptatum nemo cumque. Ducimus totam ut assumenda veniam animi est.', 2, '2019-02-06 14:06:46', '2019-02-06 14:06:46'),
(223, 99, 'Adolfo Conroy', 'Qui illum sunt deleniti sit. Dicta cum qui ea amet omnis occaecati accusantium. Qui provident illo repellendus quibusdam dignissimos libero quae laborum. Quis non quo consequatur perspiciatis qui rem.', 4, '2019-02-06 14:06:46', '2019-02-06 14:06:46'),
(224, 69, 'Angelica Yundt', 'Nemo labore distinctio et provident quis perferendis provident. Molestiae temporibus recusandae amet voluptates voluptatum autem.', 1, '2019-02-06 14:06:46', '2019-02-06 14:06:46'),
(225, 60, 'Vesta Heller', 'Autem ad modi illo temporibus ullam dolor sed sed. Minima odit corrupti et aut in. Incidunt cumque earum repudiandae hic assumenda.', 5, '2019-02-06 14:06:46', '2019-02-06 14:06:46'),
(226, 74, 'Marilou Douglas II', 'Explicabo consequatur vel accusamus fuga. Beatae sint qui molestiae. Corporis ex saepe at facere.', 0, '2019-02-06 14:06:46', '2019-02-06 14:06:46'),
(227, 72, 'Edison Casper', 'Praesentium voluptas quia praesentium asperiores. Aliquid libero voluptatem dolorum et reiciendis. Assumenda explicabo eaque magnam in.', 4, '2019-02-06 14:06:46', '2019-02-06 14:06:46'),
(228, 88, 'Lily Hoeger', 'Culpa fugit doloremque accusamus. Officiis praesentium veritatis autem est nesciunt cupiditate.', 0, '2019-02-06 14:06:46', '2019-02-06 14:06:46'),
(229, 27, 'Miss Hillary Kirlin', 'Voluptatem ipsum et veniam magnam asperiores esse nemo. Sint dolores voluptatum nemo. Amet minima unde ut mollitia iure molestias.', 5, '2019-02-06 14:06:46', '2019-02-06 14:06:46'),
(230, 54, 'Hermina Torp', 'Quo provident fugiat qui sit voluptatem. Laborum sit blanditiis rerum ut ut magni est. Est cupiditate ut atque aut. Doloribus exercitationem eum ut.', 4, '2019-02-06 14:06:46', '2019-02-06 14:06:46'),
(231, 35, 'Jake Thompson', 'Corporis saepe nesciunt provident et harum et. Eveniet aut vel et voluptatum a placeat.', 5, '2019-02-06 14:06:46', '2019-02-06 14:06:46'),
(232, 29, 'Turner Reinger Sr.', 'Amet tenetur aut accusantium rerum placeat quisquam nulla. Corrupti minima est atque fuga harum ut laborum. Consequuntur aspernatur officiis aut et dolores natus autem.', 3, '2019-02-06 14:06:46', '2019-02-06 14:06:46'),
(233, 71, 'Hilda Lind', 'Ea similique voluptatem quos iste. Hic deserunt ex corporis est harum vitae. Dignissimos suscipit sequi officiis ea similique qui voluptatem.', 1, '2019-02-06 14:06:46', '2019-02-06 14:06:46'),
(234, 47, 'Garnet Willms', 'Placeat et quas dolore odio quaerat rerum. Perspiciatis odit iusto sapiente maiores. Est laborum quas perspiciatis labore repudiandae. Illum cum et voluptas est.', 0, '2019-02-06 14:06:46', '2019-02-06 14:06:46'),
(235, 99, 'Dora Jacobs Sr.', 'Repudiandae qui voluptatem tenetur ducimus sit. Facilis sed ea corrupti et odio ut. Ut sunt in earum provident tenetur omnis fuga. Enim dolor ullam est eos nostrum similique assumenda. Et reiciendis vel laboriosam doloribus fugiat.', 0, '2019-02-06 14:06:46', '2019-02-06 14:06:46'),
(236, 90, 'Spencer Keeling', 'Tempora dolor autem qui optio. Enim sunt eos consequuntur odit pariatur doloremque. Mollitia rerum repellat odit totam modi aspernatur. Laudantium magni atque libero consequatur laborum et.', 2, '2019-02-06 14:06:46', '2019-02-06 14:06:46'),
(237, 56, 'Brendon Erdman', 'Soluta fuga voluptatem a numquam ut. Ut doloremque optio ut commodi. Alias nobis nostrum rerum voluptatibus ut rerum a.', 2, '2019-02-06 14:06:46', '2019-02-06 14:06:46'),
(238, 45, 'Mariana Hoeger Jr.', 'Est incidunt amet minus laborum doloremque corporis. Ut odit quia optio qui quo quas. Enim voluptatibus odit id velit explicabo.', 4, '2019-02-06 14:06:46', '2019-02-06 14:06:46'),
(239, 99, 'Ms. Madie Kilback III', 'Minima id distinctio distinctio aut placeat libero. Quibusdam est nihil voluptatem accusantium molestiae quaerat. Aut quia optio rem ut dignissimos consequatur eum.', 3, '2019-02-06 14:06:46', '2019-02-06 14:06:46'),
(240, 62, 'Cristobal McKenzie', 'Et aut odit sed doloremque asperiores consequatur. Perferendis omnis rerum magni in. Rem assumenda laborum aspernatur explicabo repellendus. Totam cum est corrupti recusandae suscipit asperiores iste ab.', 4, '2019-02-06 14:06:46', '2019-02-06 14:06:46'),
(241, 99, 'Grayce Klein', 'Neque nam assumenda odio quaerat voluptatem ut. Error optio sit ex a aut cumque.', 0, '2019-02-06 14:06:46', '2019-02-06 14:06:46'),
(242, 24, 'Mona Wyman', 'Qui ut est a eius soluta ipsum vero sint. Magni sunt sunt provident qui. Et qui consectetur voluptatibus earum laudantium dolores numquam. Adipisci sit corrupti assumenda rem doloribus.', 0, '2019-02-06 14:06:46', '2019-02-06 14:06:46'),
(243, 49, 'Prof. Annalise Conroy', 'Sint delectus qui inventore unde nemo aut. Ducimus enim modi et explicabo et. Nisi voluptas et nemo esse nesciunt officiis. Quaerat rerum ut enim harum deleniti sequi incidunt.', 1, '2019-02-06 14:06:46', '2019-02-06 14:06:46'),
(244, 17, 'Terry Torp', 'Nam et facere nihil quisquam. Fuga nisi ab quia sunt ipsa qui. Aperiam modi voluptas vitae sapiente. Ad qui veritatis ad dolorum libero rerum iste.', 1, '2019-02-06 14:06:46', '2019-02-06 14:06:46'),
(245, 72, 'Junius Kunze', 'Voluptate ipsa sit voluptatem ipsa laborum. Temporibus aut voluptatem error reiciendis. Fuga eos repellat voluptates commodi. Assumenda molestias iusto sit sit molestiae corporis ut. Facere ab repellat facere minima dolor.', 0, '2019-02-06 14:06:46', '2019-02-06 14:06:46'),
(246, 91, 'Maci Stamm', 'Voluptates veniam cum eum sunt cumque eum aut. Sint reprehenderit ut qui. Quia beatae culpa voluptatem occaecati. Iure quia aliquam voluptatem incidunt.', 4, '2019-02-06 14:06:46', '2019-02-06 14:06:46'),
(247, 6, 'Eleanora Wiegand', 'Eius cumque sequi expedita nobis aut ut. Vero facere perferendis libero non. Enim vero dolor eum totam. A consectetur sunt dicta ex aut.', 0, '2019-02-06 14:06:46', '2019-02-06 14:06:46'),
(248, 66, 'Aiden Lind', 'Qui ducimus et dolores tenetur eos atque quos dolorem. Nihil voluptas omnis est consequatur. Vitae et exercitationem minima. Quos voluptates magnam nisi temporibus.', 3, '2019-02-06 14:06:46', '2019-02-06 14:06:46'),
(249, 14, 'Prof. Imogene Zboncak DDS', 'Culpa nulla ab labore quia iste ut. Officia perspiciatis a reprehenderit. Autem sit dignissimos debitis voluptas et sed officia.', 1, '2019-02-06 14:06:46', '2019-02-06 14:06:46'),
(250, 49, 'Candida Frami I', 'Qui cum facere omnis blanditiis aut quo reiciendis. In aut inventore modi aut eius. Quae repellat amet eum eius eum. Repudiandae quas sunt perferendis tenetur et.', 0, '2019-02-06 14:06:46', '2019-02-06 14:06:46'),
(251, 19, 'Yasmeen Skiles I', 'Eum error vel sed aut consequatur. Quasi soluta qui occaecati laborum. Cum officiis ipsa omnis id. Fuga hic ut ad quam atque provident et sed.', 0, '2019-02-06 14:06:46', '2019-02-06 14:06:46'),
(252, 64, 'Angus Koelpin', 'Qui ex veniam voluptatibus nihil quia. Veritatis unde quos sed minima facilis. Deserunt deserunt sit quibusdam et vel. Ratione dolorem libero qui omnis non.', 1, '2019-02-06 14:06:46', '2019-02-06 14:06:46'),
(253, 62, 'Mrs. Emmy Kilback', 'Accusamus voluptatum reiciendis qui. Mollitia neque assumenda debitis numquam voluptatem natus expedita. Est accusamus perferendis quibusdam asperiores maiores. Consequatur voluptatibus hic et animi.', 2, '2019-02-06 14:06:46', '2019-02-06 14:06:46'),
(254, 47, 'Juliet Upton', 'Labore praesentium perferendis non similique ex soluta voluptas. Porro quasi modi perspiciatis sint quo quas. Dicta ut aperiam nam aut reiciendis.', 0, '2019-02-06 14:06:46', '2019-02-06 14:06:46'),
(255, 85, 'Karli Stracke IV', 'Et eaque qui rerum corrupti expedita incidunt at. Fugit suscipit non delectus exercitationem dolores reprehenderit quisquam. Accusantium magni quia magni amet officia aut.', 3, '2019-02-06 14:06:46', '2019-02-06 14:06:46'),
(256, 66, 'Dr. Ora Legros I', 'Quis possimus eum officiis iure ipsam et aut. Dolore dolor cupiditate itaque placeat rem rem in. Fugiat neque voluptate quod sint. Illum mollitia soluta aut non. Voluptatem doloribus nostrum aspernatur qui qui aut amet.', 3, '2019-02-06 14:06:46', '2019-02-06 14:06:46'),
(257, 100, 'Oscar Kerluke', 'Optio amet dolorem quia architecto. Tempore similique doloremque aut sunt illo. At iste voluptatem sapiente. Qui omnis et sit consectetur aut nostrum est.', 3, '2019-02-06 14:06:46', '2019-02-06 14:06:46'),
(258, 2, 'Prof. Kellen Ernser IV', 'Iusto nesciunt libero consequatur minima necessitatibus. Id fuga sit fugiat inventore. Optio repudiandae alias sapiente tempore. Rerum quaerat rerum sed consequuntur qui facilis porro.', 2, '2019-02-06 14:06:46', '2019-02-06 14:06:46'),
(259, 2, 'Odell Satterfield II', 'Nulla sed a aspernatur autem. Qui accusamus iure incidunt explicabo. In eligendi aut sed maxime soluta animi modi sapiente. Facilis iusto et voluptates consequatur. In repellendus et tenetur blanditiis deserunt et.', 3, '2019-02-06 14:06:46', '2019-02-06 14:06:46'),
(260, 14, 'Kieran Hane', 'Mollitia sed consequatur reprehenderit ipsa earum. Et distinctio quia mollitia fuga ut.', 3, '2019-02-06 14:06:46', '2019-02-06 14:06:46'),
(261, 93, 'Prof. Abe Braun DVM', 'Quidem in aut delectus hic. Soluta velit sed animi aut earum. Laboriosam asperiores expedita molestiae aut. Aspernatur placeat distinctio nobis exercitationem.', 1, '2019-02-06 14:06:46', '2019-02-06 14:06:46'),
(262, 32, 'Dr. Maxine McKenzie I', 'Saepe laboriosam magnam aut eos. Aut commodi dicta est et error voluptas ipsum. Excepturi aut voluptas eius culpa rem.', 4, '2019-02-06 14:06:46', '2019-02-06 14:06:46'),
(263, 42, 'Amelie Kihn', 'Cum nihil ut odio. Consectetur aut magnam quam. Sed nostrum vel consequatur. Molestias culpa et tempora voluptatem fuga porro asperiores. Ut quia eos magnam vero sunt ea.', 2, '2019-02-06 14:06:46', '2019-02-06 14:06:46'),
(264, 64, 'Haley Hansen', 'Tempora earum nisi consequatur natus sunt repellendus. Aut quia necessitatibus in ea. Unde qui perferendis voluptate natus est pariatur tempore nesciunt. Qui suscipit qui qui quis aut distinctio quis.', 2, '2019-02-06 14:06:46', '2019-02-06 14:06:46'),
(265, 100, 'Mr. Stewart Dickinson', 'Dolor quos vel eveniet velit vitae totam. Esse ea quae sit vel corporis. Et quia qui et quis labore. Nemo totam commodi facere id distinctio cumque odio.', 4, '2019-02-06 14:06:46', '2019-02-06 14:06:46'),
(266, 44, 'Moriah Zulauf', 'Odit aut aspernatur non sit eos assumenda voluptate ut. Error in perspiciatis aliquam et et vel. Placeat placeat velit aspernatur. Voluptate facilis dolorem temporibus qui.', 1, '2019-02-06 14:06:46', '2019-02-06 14:06:46'),
(267, 31, 'Christ Price', 'Culpa aspernatur ut reiciendis beatae quibusdam. Deleniti repellendus qui asperiores quo aut quasi tempora veritatis. Quo deserunt dolores eos assumenda quia quisquam et veniam.', 4, '2019-02-06 14:06:46', '2019-02-06 14:06:46'),
(268, 21, 'Dr. Schuyler Jakubowski', 'Sunt animi ullam eum quam. Natus illo eos temporibus quibusdam voluptates perspiciatis atque.', 2, '2019-02-06 14:06:46', '2019-02-06 14:06:46'),
(269, 76, 'Domenico Johnston', 'Impedit id ipsa alias architecto ratione adipisci illo. Nesciunt optio sit aut nisi in magnam. Itaque a nihil molestiae facilis in. Accusamus quae aut sunt.', 1, '2019-02-06 14:06:46', '2019-02-06 14:06:46'),
(270, 8, 'Reese Ledner', 'Totam tempora harum sapiente aperiam rerum. Eius eveniet sapiente molestiae ipsum aut officia praesentium. Modi aut architecto dicta et. Dolore quasi illo sit quod non dicta nulla tempora.', 1, '2019-02-06 14:06:46', '2019-02-06 14:06:46'),
(271, 41, 'Braxton Wehner I', 'Sed incidunt quis aliquam nesciunt numquam. Eius porro blanditiis reiciendis velit. Nostrum nobis repudiandae facilis inventore qui et iusto.', 1, '2019-02-06 14:06:46', '2019-02-06 14:06:46'),
(272, 82, 'Benedict Hermiston', 'Animi doloremque officia aperiam. Qui quia rerum eum quia sed. Officiis consequatur a aut.', 0, '2019-02-06 14:06:46', '2019-02-06 14:06:46'),
(273, 67, 'Elissa Tillman Sr.', 'Facere vel omnis est omnis omnis. Exercitationem doloremque animi officia nihil consectetur eum. Ab nisi commodi laboriosam doloremque corporis.', 0, '2019-02-06 14:06:46', '2019-02-06 14:06:46'),
(274, 70, 'Kiel Simonis III', 'Magni accusamus enim dolorem quia soluta. Et odio voluptatum temporibus sequi. Et qui omnis voluptas accusamus eligendi sit repellat. Corporis eius culpa deserunt tenetur aut quae.', 5, '2019-02-06 14:06:46', '2019-02-06 14:06:46'),
(275, 92, 'Emily Gorczany', 'Debitis ut eum voluptatem itaque et aut. Iste repellat dolores veritatis a dignissimos.', 3, '2019-02-06 14:06:46', '2019-02-06 14:06:46'),
(276, 48, 'Mr. Sid Runolfsson Sr.', 'Libero explicabo consequatur repellendus accusantium corporis voluptatem. Aut sed quia tempore tenetur. Mollitia temporibus suscipit sed maxime eos nemo molestias.', 1, '2019-02-06 14:06:46', '2019-02-06 14:06:46'),
(277, 10, 'Idella Nolan', 'Quod deserunt consequatur ut nobis a. Nihil doloribus sint laudantium eius. Repellendus cumque beatae placeat deleniti tempore.', 1, '2019-02-06 14:06:46', '2019-02-06 14:06:46'),
(278, 61, 'Mya Herzog DVM', 'Ut quasi optio dolore repellendus suscipit aspernatur cupiditate. Molestiae tempora at deleniti consequatur. Consectetur magni reiciendis alias. Distinctio est temporibus omnis.', 5, '2019-02-06 14:06:46', '2019-02-06 14:06:46'),
(279, 57, 'Mr. Carter Mueller DDS', 'Consequuntur et nemo quam ut. Aliquam nemo quia illo recusandae nihil harum. Explicabo velit quia iusto est quae quam at.', 3, '2019-02-06 14:06:46', '2019-02-06 14:06:46'),
(280, 79, 'Jacques Weissnat III', 'Recusandae earum nostrum reprehenderit nihil itaque qui. In praesentium ut quod omnis aut et exercitationem fuga. Similique debitis quas non veritatis enim. Molestiae asperiores quis ea nostrum error.', 0, '2019-02-06 14:06:46', '2019-02-06 14:06:46'),
(281, 27, 'Miss Larissa Mosciski Sr.', 'Qui ea quae autem animi harum vel. Ipsam sint hic nulla commodi iure recusandae optio harum. Officiis soluta praesentium mollitia ex voluptatem et eligendi. Vitae libero architecto voluptatem consequatur saepe id esse.', 2, '2019-02-06 14:06:46', '2019-02-06 14:06:46'),
(282, 35, 'Lea White', 'Repellat quaerat est quas consequatur sit magnam deleniti qui. Veritatis voluptas facilis aut eligendi. Qui consequatur aut laudantium.', 4, '2019-02-06 14:06:46', '2019-02-06 14:06:46'),
(283, 77, 'Dena Carter', 'Ut et dicta dolorem id. Ea laudantium aut maxime aut ducimus veniam et. Explicabo qui similique inventore dolore id labore omnis enim. Et qui dolor provident cupiditate aut.', 1, '2019-02-06 14:06:46', '2019-02-06 14:06:46'),
(284, 34, 'Justine Haley', 'Ut quis explicabo temporibus. Voluptatem beatae ut doloremque voluptas. Consequatur sit voluptas quam aut voluptate consequatur enim.', 2, '2019-02-06 14:06:46', '2019-02-06 14:06:46'),
(285, 86, 'Ms. Desiree Quigley', 'Ea vitae porro dolor cupiditate reprehenderit. Sed nisi voluptatum ea dolore officiis sit corporis laboriosam.', 2, '2019-02-06 14:06:46', '2019-02-06 14:06:46'),
(286, 7, 'Kieran Kirlin', 'Eum est ducimus eius repellat et animi consequuntur. Expedita exercitationem facere sunt provident voluptas iste incidunt. Aut molestiae qui minus aut et quia eum qui. Commodi maiores quidem rerum unde.', 3, '2019-02-06 14:06:46', '2019-02-06 14:06:46'),
(287, 96, 'Dion Hayes', 'Repellendus nesciunt laborum et reiciendis iste cupiditate perferendis dolor. Ipsum ullam quaerat ut ut ut iusto.', 4, '2019-02-06 14:06:46', '2019-02-06 14:06:46'),
(288, 94, 'Karson Zulauf', 'Neque tenetur neque animi enim modi odit. Ab nemo maxime sint maxime vitae. Natus tenetur vel temporibus autem hic autem.', 1, '2019-02-06 14:06:46', '2019-02-06 14:06:46'),
(289, 2, 'Malachi Hickle', 'Et quas atque cupiditate occaecati. Inventore doloribus tempore omnis ab assumenda. Voluptas eos aut eos nihil iure rerum sed.', 2, '2019-02-06 14:06:46', '2019-02-06 14:06:46'),
(290, 78, 'Harvey Nienow DDS', 'Rem ab ut sunt molestiae pariatur. Aut et non eligendi in a in. Reiciendis rerum praesentium illo ipsum sit.', 1, '2019-02-06 14:06:46', '2019-02-06 14:06:46'),
(291, 1, 'Domingo Beahan', 'Perspiciatis occaecati nihil minima facere saepe laboriosam quis. Autem odit repellendus dolorem non doloribus. Ratione ut enim nihil corporis asperiores nostrum. Fugit numquam qui possimus vero eum aspernatur quidem.', 3, '2019-02-06 14:06:46', '2019-02-06 14:06:46'),
(292, 5, 'Kade Emmerich', 'Dolores molestiae quidem aspernatur eum quia laborum. Sed accusamus ut voluptas similique qui pariatur ut eveniet. Beatae officiis minima recusandae. Fugit dicta dolores vel quia omnis.', 3, '2019-02-06 14:06:46', '2019-02-06 14:06:46'),
(293, 30, 'Amos Sipes', 'Unde aliquid et est explicabo. Ipsa nemo sit illo rerum. Eos perferendis vel et rerum sed qui. Ut commodi saepe dolorem alias similique assumenda iusto.', 2, '2019-02-06 14:06:46', '2019-02-06 14:06:46'),
(294, 82, 'Ms. Gladyce Schroeder II', 'Tempore ab temporibus debitis cupiditate molestias. Adipisci dicta numquam at id consequatur deserunt voluptatem. Inventore reiciendis quam ab vitae labore.', 0, '2019-02-06 14:06:46', '2019-02-06 14:06:46'),
(295, 83, 'Ms. Agnes Emmerich', 'Beatae quisquam quas voluptate aut natus in. Qui eum voluptatem sit facilis id ab fugit. Totam id vel autem quae impedit aliquam. Eum repellat libero officiis dolores iure exercitationem accusantium sed.', 1, '2019-02-06 14:06:46', '2019-02-06 14:06:46'),
(296, 91, 'Gay Harvey', 'In id a quisquam dicta eos soluta ad. Maiores dolores sint laborum natus nesciunt. Nam eligendi eos et.', 4, '2019-02-06 14:06:46', '2019-02-06 14:06:46'),
(297, 32, 'Chanelle Weissnat', 'Ut sit tempore assumenda qui nisi enim odit eligendi. Sed commodi dolores dolorem in laborum libero voluptatibus. Sapiente sapiente esse sint. Sed ducimus veniam qui blanditiis accusantium. Eius officia facere vel in.', 4, '2019-02-06 14:06:46', '2019-02-06 14:06:46'),
(298, 73, 'Annie Parisian', 'Nisi voluptatem porro corrupti veniam. Fugit itaque est perspiciatis fugit quia. Aspernatur repudiandae ipsam nobis enim nihil est.', 0, '2019-02-06 14:06:46', '2019-02-06 14:06:46'),
(299, 94, 'Juliet Veum', 'Neque voluptas maiores sit at. Voluptates officiis id ut corrupti enim dolor qui dolor. Magni eos rerum vitae cupiditate tempora eos ipsam.', 4, '2019-02-06 14:06:46', '2019-02-06 14:06:46'),
(300, 96, 'Geraldine Larson', 'Exercitationem alias saepe nihil vitae. Eum voluptas quaerat rerum dolorem est. Doloribus neque doloremque voluptate vel delectus nemo est.', 0, '2019-02-06 14:06:46', '2019-02-06 14:06:46');

-- --------------------------------------------------------

--
-- Table structure for table `users`
--

DROP TABLE IF EXISTS `users`;
CREATE TABLE IF NOT EXISTS `users` (
  `id` int(10) UNSIGNED NOT NULL AUTO_INCREMENT,
  `name` varchar(191) COLLATE utf8mb4_unicode_ci NOT NULL,
  `email` varchar(191) COLLATE utf8mb4_unicode_ci NOT NULL,
  `email_verified_at` timestamp NULL DEFAULT NULL,
  `password` varchar(191) COLLATE utf8mb4_unicode_ci NOT NULL,
  `remember_token` varchar(100) COLLATE utf8mb4_unicode_ci DEFAULT NULL,
  `created_at` timestamp NULL DEFAULT NULL,
  `updated_at` timestamp NULL DEFAULT NULL,
  PRIMARY KEY (`id`),
  UNIQUE KEY `users_email_unique` (`email`)
) ENGINE=MyISAM DEFAULT CHARSET=utf8mb4 COLLATE=utf8mb4_unicode_ci;
COMMIT;

/*!40101 SET CHARACTER_SET_CLIENT=@OLD_CHARACTER_SET_CLIENT */;
/*!40101 SET CHARACTER_SET_RESULTS=@OLD_CHARACTER_SET_RESULTS */;
/*!40101 SET COLLATION_CONNECTION=@OLD_COLLATION_CONNECTION */;
